iso_code,continent,location,date,total_cases,new_cases,new_cases_smoothed,total_deaths,new_deaths,new_deaths_smoothed,total_cases_per_million,new_cases_per_million,new_cases_smoothed_per_million,total_deaths_per_million,new_deaths_per_million,new_deaths_smoothed_per_million,reproduction_rate,icu_patients,icu_patients_per_million,hosp_patients,hosp_patients_per_million,weekly_icu_admissions,weekly_icu_admissions_per_million,weekly_hosp_admissions,weekly_hosp_admissions_per_million,total_tests,new_tests,total_tests_per_thousand,new_tests_per_thousand,new_tests_smoothed,new_tests_smoothed_per_thousand,positive_rate,tests_per_case,tests_units,stringency_index,population,population_density,median_age,aged_65_older,aged_70_older,gdp_per_capita,extreme_poverty,cardiovasc_death_rate,diabetes_prevalence,female_smokers,male_smokers,handwashing_facilities,hospital_beds_per_thousand,life_expectancy,human_development_index
PAK,Asia,Pakistan,25/02/2020,2,2,0.286,,0,0,0.009,0.009,0.001,,0,0,,,,,,,,,,,,,,,,,,,19.44,220892331,255.573,23.5,4.495,2.78,5034.708,4,423.031,8.35,2.8,36.7,59.607,0.6,67.27,0.562
PAK,Asia,Pakistan,26/02/2020,2,0,0.286,,0,0,0.009,0,0.001,,0,0,,,,,,,,,,,,,,,,,,,19.44,220892331,255.573,23.5,4.495,2.78,5034.708,4,423.031,8.35,2.8,36.7,59.607,0.6,67.27,0.562
PAK,Asia,Pakistan,27/02/2020,2,0,0.286,,0,0,0.009,0,0.001,,0,0,,,,,,,,,,,,,,,,,,,28.7,220892331,255.573,23.5,4.495,2.78,5034.708,4,423.031,8.35,2.8,36.7,59.607,0.6,67.27,0.562
PAK,Asia,Pakistan,28/02/2020,4,2,0.571,,0,0,0.018,0.009,0.003,,0,0,,,,,,,,,,,,,,,,,,,28.7,220892331,255.573,23.5,4.495,2.78,5034.708,4,423.031,8.35,2.8,36.7,59.607,0.6,67.27,0.562
PAK,Asia,Pakistan,29/02/2020,4,0,0.571,,0,0,0.018,0,0.003,,0,0,,,,,,,,,,,,,,,,,,,28.7,220892331,255.573,23.5,4.495,2.78,5034.708,4,423.031,8.35,2.8,36.7,59.607,0.6,67.27,0.562
PAK,Asia,Pakistan,01/03/2020,4,0,0.571,,0,0,0.018,0,0.003,,0,0,,,,,,,,,,,,,,,,,,,28.7,220892331,255.573,23.5,4.495,2.78,5034.708,4,423.031,8.35,2.8,36.7,59.607,0.6,67.27,0.562
PAK,Asia,Pakistan,02/03/2020,5,1,0.714,,0,0,0.023,0.005,0.003,,0,0,,,,,,,,,,,,,,,,,,,28.7,220892331,255.573,23.5,4.495,2.78,5034.708,4,423.031,8.35,2.8,36.7,59.607,0.6,67.27,0.562
PAK,Asia,Pakistan,03/03/2020,5,0,0.429,,0,0,0.023,0,0.002,,0,0,,,,,,,,,,,,,,,,,,,28.7,220892331,255.573,23.5,4.495,2.78,5034.708,4,423.031,8.35,2.8,36.7,59.607,0.6,67.27,0.562
PAK,Asia,Pakistan,04/03/2020,5,0,0.429,,0,0,0.023,0,0.002,,0,0,,,,,,,,,,,,,,,,,,,28.7,220892331,255.573,23.5,4.495,2.78,5034.708,4,423.031,8.35,2.8,36.7,59.607,0.6,67.27,0.562
PAK,Asia,Pakistan,05/03/2020,6,1,0.571,,0,0,0.027,0.005,0.003,,0,0,,,,,,,,,,,,,,,,,,,28.7,220892331,255.573,23.5,4.495,2.78,5034.708,4,423.031,8.35,2.8,36.7,59.607,0.6,67.27,0.562
PAK,Asia,Pakistan,06/03/2020,6,0,0.286,,0,0,0.027,0,0.001,,0,0,,,,,,,,,,,,,,,,,,,28.7,220892331,255.573,23.5,4.495,2.78,5034.708,4,423.031,8.35,2.8,36.7,59.607,0.6,67.27,0.562
PAK,Asia,Pakistan,07/03/2020,6,0,0.286,,0,0,0.027,0,0.001,,0,0,,,,,,,,,,,,,,,,,,,28.7,220892331,255.573,23.5,4.495,2.78,5034.708,4,423.031,8.35,2.8,36.7,59.607,0.6,67.27,0.562
PAK,Asia,Pakistan,08/03/2020,6,0,0.286,,0,0,0.027,0,0.001,,0,0,,,,,,,,,,,,,,,,,,,28.7,220892331,255.573,23.5,4.495,2.78,5034.708,4,423.031,8.35,2.8,36.7,59.607,0.6,67.27,0.562
PAK,Asia,Pakistan,09/03/2020,16,10,1.571,,0,0,0.072,0.045,0.007,,0,0,,,,,,,,,,,,,,,,,,,28.7,220892331,255.573,23.5,4.495,2.78,5034.708,4,423.031,8.35,2.8,36.7,59.607,0.6,67.27,0.562
PAK,Asia,Pakistan,10/03/2020,19,3,2,,0,0,0.086,0.014,0.009,,0,0,,,,,,,,,,,,,,,,,,,28.7,220892331,255.573,23.5,4.495,2.78,5034.708,4,423.031,8.35,2.8,36.7,59.607,0.6,67.27,0.562
PAK,Asia,Pakistan,11/03/2020,20,1,2.143,,0,0,0.091,0.005,0.01,,0,0,,,,,,,,,,471,,0.002,,,,,,tests performed,28.7,220892331,255.573,23.5,4.495,2.78,5034.708,4,423.031,8.35,2.8,36.7,59.607,0.6,67.27,0.562
PAK,Asia,Pakistan,12/03/2020,28,8,3.143,,0,0,0.127,0.036,0.014,,0,0,,,,,,,,,,531,60,0.002,0,,,,,tests performed,28.7,220892331,255.573,23.5,4.495,2.78,5034.708,4,423.031,8.35,2.8,36.7,59.607,0.6,67.27,0.562
PAK,Asia,Pakistan,13/03/2020,31,3,3.571,,0,0,0.14,0.014,0.016,,0,0,,,,,,,,,,609,78,0.003,0,,,,,tests performed,52.78,220892331,255.573,23.5,4.495,2.78,5034.708,4,423.031,8.35,2.8,36.7,59.607,0.6,67.27,0.562
PAK,Asia,Pakistan,14/03/2020,53,22,6.714,,0,0,0.24,0.1,0.03,,0,0,,,,,,,,,,684,75,0.003,0,,,,,tests performed,52.78,220892331,255.573,23.5,4.495,2.78,5034.708,4,423.031,8.35,2.8,36.7,59.607,0.6,67.27,0.562
PAK,Asia,Pakistan,15/03/2020,136,83,18.571,,0,0,0.616,0.376,0.084,,0,0,,,,,,,,,,833,149,0.004,0.001,,,,,tests performed,52.78,220892331,255.573,23.5,4.495,2.78,5034.708,4,423.031,8.35,2.8,36.7,59.607,0.6,67.27,0.562
PAK,Asia,Pakistan,16/03/2020,236,100,31.429,,0,0,1.068,0.453,0.142,,0,0,2.33,,,,,,,,,1125,292,0.005,0.001,,,,,tests performed,52.78,220892331,255.573,23.5,4.495,2.78,5034.708,4,423.031,8.35,2.8,36.7,59.607,0.6,67.27,0.562
PAK,Asia,Pakistan,17/03/2020,299,63,40,,0,0,1.354,0.285,0.181,,0,0,2.28,,,,,,,,,1141,16,0.005,0,,,,,tests performed,52.78,220892331,255.573,23.5,4.495,2.78,5034.708,4,423.031,8.35,2.8,36.7,59.607,0.6,67.27,0.562
PAK,Asia,Pakistan,18/03/2020,454,155,62,2,2,0.286,2.055,0.702,0.281,0.009,0.009,0.001,2.24,,,,,,,,,2163,1022,0.01,0.005,242,0.001,0.256,3.9,tests performed,52.78,220892331,255.573,23.5,4.495,2.78,5034.708,4,423.031,8.35,2.8,36.7,59.607,0.6,67.27,0.562
PAK,Asia,Pakistan,19/03/2020,501,47,67.571,3,1,0.429,2.268,0.213,0.306,0.014,0.005,0.002,2.16,,,,,,,,,3410,1247,0.015,0.006,411,0.002,0.164,6.1,tests performed,52.78,220892331,255.573,23.5,4.495,2.78,5034.708,4,423.031,8.35,2.8,36.7,59.607,0.6,67.27,0.562
PAK,Asia,Pakistan,20/03/2020,730,229,99.857,3,0,0.429,3.305,1.037,0.452,0.014,0,0.002,2.1,,,,,,,,,4001,591,0.018,0.003,485,0.002,0.206,4.9,tests performed,52.78,220892331,255.573,23.5,4.495,2.78,5034.708,4,423.031,8.35,2.8,36.7,59.607,0.6,67.27,0.562
PAK,Asia,Pakistan,21/03/2020,776,46,103.286,5,2,0.714,3.513,0.208,0.468,0.023,0.009,0.003,2.01,,,,,,,,,5225,1224,0.024,0.006,649,0.003,0.159,6.3,tests performed,55.56,220892331,255.573,23.5,4.495,2.78,5034.708,4,423.031,8.35,2.8,36.7,59.607,0.6,67.27,0.562
PAK,Asia,Pakistan,22/03/2020,875,99,105.571,6,1,0.857,3.961,0.448,0.478,0.027,0.005,0.004,1.94,,,,,,,,,5444,219,0.025,0.001,659,0.003,0.16,6.2,tests performed,55.56,220892331,255.573,23.5,4.495,2.78,5034.708,4,423.031,8.35,2.8,36.7,59.607,0.6,67.27,0.562
PAK,Asia,Pakistan,23/03/2020,972,97,105.143,7,1,1,4.4,0.439,0.476,0.032,0.005,0.005,1.88,,,,,,,,,5857,413,0.027,0.002,676,0.003,0.156,6.4,tests performed,85.19,220892331,255.573,23.5,4.495,2.78,5034.708,4,423.031,8.35,2.8,36.7,59.607,0.6,67.27,0.562
PAK,Asia,Pakistan,24/03/2020,1063,91,109.143,8,1,1.143,4.812,0.412,0.494,0.036,0.005,0.005,1.83,,,,,,,,,6123,266,0.028,0.001,712,0.003,0.153,6.5,tests performed,93.52,220892331,255.573,23.5,4.495,2.78,5034.708,4,423.031,8.35,2.8,36.7,59.607,0.6,67.27,0.562
PAK,Asia,Pakistan,25/03/2020,1201,138,106.714,9,1,1,5.437,0.625,0.483,0.041,0.005,0.005,1.8,,,,,,,,,6449,326,0.029,0.001,612,0.003,0.174,5.7,tests performed,93.52,220892331,255.573,23.5,4.495,2.78,5034.708,4,423.031,8.35,2.8,36.7,59.607,0.6,67.27,0.562
PAK,Asia,Pakistan,26/03/2020,1373,172,124.571,11,2,1.143,6.216,0.779,0.564,0.05,0.009,0.005,1.76,,,,,,,,,7835,1386,0.035,0.006,632,0.003,0.197,5.1,tests performed,96.3,220892331,255.573,23.5,4.495,2.78,5034.708,4,423.031,8.35,2.8,36.7,59.607,0.6,67.27,0.562
PAK,Asia,Pakistan,27/03/2020,1495,122,109.286,12,1,1.286,6.768,0.552,0.495,0.054,0.005,0.006,1.73,,,,,,,,,13231,5396,0.06,0.024,1319,0.006,0.083,12.1,tests performed,96.3,220892331,255.573,23.5,4.495,2.78,5034.708,4,423.031,8.35,2.8,36.7,59.607,0.6,67.27,0.562
PAK,Asia,Pakistan,28/03/2020,1597,102,117.286,14,2,1.286,7.23,0.462,0.531,0.063,0.009,0.006,1.7,,,,,,,,,14336,1105,0.065,0.005,1302,0.006,0.09,11.1,tests performed,96.3,220892331,255.573,23.5,4.495,2.78,5034.708,4,423.031,8.35,2.8,36.7,59.607,0.6,67.27,0.562
PAK,Asia,Pakistan,29/03/2020,1717,120,120.286,21,7,2.143,7.773,0.543,0.545,0.095,0.032,0.01,1.69,,,,,,,,,14748,412,0.067,0.002,1329,0.006,0.091,11,tests performed,96.3,220892331,255.573,23.5,4.495,2.78,5034.708,4,423.031,8.35,2.8,36.7,59.607,0.6,67.27,0.562
PAK,Asia,Pakistan,30/03/2020,1938,221,138,26,5,2.714,8.774,1,0.625,0.118,0.023,0.012,1.68,,,,,,,,,15683,935,0.071,0.004,1404,0.006,0.098,10.2,tests performed,96.3,220892331,255.573,23.5,4.495,2.78,5034.708,4,423.031,8.35,2.8,36.7,59.607,0.6,67.27,0.562
PAK,Asia,Pakistan,31/03/2020,2118,180,150.714,27,1,2.714,9.588,0.815,0.682,0.122,0.005,0.012,1.67,,,,,,,,,15967,284,0.072,0.001,1406,0.006,0.107,9.3,tests performed,96.3,220892331,255.573,23.5,4.495,2.78,5034.708,4,423.031,8.35,2.8,36.7,59.607,0.6,67.27,0.562
PAK,Asia,Pakistan,01/04/2020,2421,303,174.286,34,7,3.571,10.96,1.372,0.789,0.154,0.032,0.016,1.66,,,,,,,,,17324,1357,0.078,0.006,1554,0.007,0.112,8.9,tests performed,96.3,220892331,255.573,23.5,4.495,2.78,5034.708,4,423.031,8.35,2.8,36.7,59.607,0.6,67.27,0.562
PAK,Asia,Pakistan,02/04/2020,2686,265,187.571,40,6,4.143,12.16,1.2,0.849,0.181,0.027,0.019,1.63,,,,,,,,,30308,12984,0.137,0.059,3210,0.015,0.058,17.1,tests performed,96.3,220892331,255.573,23.5,4.495,2.78,5034.708,4,423.031,8.35,2.8,36.7,59.607,0.6,67.27,0.562
PAK,Asia,Pakistan,03/04/2020,2818,132,189,41,1,4.143,12.757,0.598,0.856,0.186,0.005,0.019,1.61,,,,,,,,,32930,2622,0.149,0.012,2814,0.013,0.067,14.9,tests performed,96.3,220892331,255.573,23.5,4.495,2.78,5034.708,4,423.031,8.35,2.8,36.7,59.607,0.6,67.27,0.562
PAK,Asia,Pakistan,04/04/2020,3157,339,222.857,47,6,4.714,14.292,1.535,1.009,0.213,0.027,0.021,1.6,,,,,,,,,34885,1955,0.158,0.009,2936,0.013,0.076,13.2,tests performed,96.3,220892331,255.573,23.5,4.495,2.78,5034.708,4,423.031,8.35,2.8,36.7,59.607,0.6,67.27,0.562
PAK,Asia,Pakistan,05/04/2020,3766,609,292.714,53,6,4.571,17.049,2.757,1.325,0.24,0.027,0.021,1.58,,,,,,,,,35875,990,0.162,0.004,3018,0.014,0.097,10.3,tests performed,96.3,220892331,255.573,23.5,4.495,2.78,5034.708,4,423.031,8.35,2.8,36.7,59.607,0.6,67.27,0.562
PAK,Asia,Pakistan,06/04/2020,4035,269,299.571,57,4,4.429,18.267,1.218,1.356,0.258,0.018,0.02,1.54,,,,,,,,,39183,3308,0.177,0.015,3357,0.015,0.089,11.2,tests performed,96.3,220892331,255.573,23.5,4.495,2.78,5034.708,4,423.031,8.35,2.8,36.7,59.607,0.6,67.27,0.562
PAK,Asia,Pakistan,07/04/2020,4263,228,306.429,61,4,4.857,19.299,1.032,1.387,0.276,0.018,0.022,1.5,,,,,,,,,42159,2976,0.191,0.013,3742,0.017,0.082,12.2,tests performed,96.3,220892331,255.573,23.5,4.495,2.78,5034.708,4,423.031,8.35,2.8,36.7,59.607,0.6,67.27,0.562
PAK,Asia,Pakistan,08/04/2020,4489,226,295.429,65,4,4.429,20.322,1.023,1.337,0.294,0.018,0.02,1.47,,,,,,,,,44896,2737,0.203,0.012,3939,0.018,0.075,13.3,tests performed,96.3,220892331,255.573,23.5,4.495,2.78,5034.708,4,423.031,8.35,2.8,36.7,59.607,0.6,67.27,0.562
PAK,Asia,Pakistan,09/04/2020,4695,206,287,66,1,3.714,21.255,0.933,1.299,0.299,0.005,0.017,1.45,,,,,,,,,54706,9810,0.248,0.044,3485,0.016,0.082,12.1,tests performed,96.3,220892331,255.573,23.5,4.495,2.78,5034.708,4,423.031,8.35,2.8,36.7,59.607,0.6,67.27,0.562
PAK,Asia,Pakistan,10/04/2020,5011,316,313.286,86,20,6.429,22.685,1.431,1.418,0.389,0.091,0.029,1.45,,,,,,,,,57836,3130,0.262,0.014,3558,0.016,0.088,11.4,tests performed,96.3,220892331,255.573,23.5,4.495,2.78,5034.708,4,423.031,8.35,2.8,36.7,59.607,0.6,67.27,0.562
PAK,Asia,Pakistan,11/04/2020,5230,219,296.143,91,5,6.286,23.677,0.991,1.341,0.412,0.023,0.028,1.44,,,,,,,,,61801,3965,0.28,0.018,3845,0.017,0.077,13,tests performed,96.3,220892331,255.573,23.5,4.495,2.78,5034.708,4,423.031,8.35,2.8,36.7,59.607,0.6,67.27,0.562
PAK,Asia,Pakistan,12/04/2020,5496,266,247.143,93,2,5.714,24.881,1.204,1.119,0.421,0.009,0.026,1.44,,,,,,,,,65114,3313,0.295,0.015,4177,0.019,0.059,16.9,tests performed,96.3,220892331,255.573,23.5,4.495,2.78,5034.708,4,423.031,8.35,2.8,36.7,59.607,0.6,67.27,0.562
PAK,Asia,Pakistan,13/04/2020,5837,341,257.429,96,3,5.571,26.425,1.544,1.165,0.435,0.014,0.025,1.45,,,,,,,,,69928,4814,0.317,0.022,4392,0.02,0.059,17.1,tests performed,96.3,220892331,255.573,23.5,4.495,2.78,5034.708,4,423.031,8.35,2.8,36.7,59.607,0.6,67.27,0.562
PAK,Asia,Pakistan,14/04/2020,6383,546,302.857,111,15,7.143,28.896,2.472,1.371,0.503,0.068,0.032,1.46,,,,,,,,,73439,3511,0.332,0.016,4469,0.02,0.068,14.8,tests performed,96.3,220892331,255.573,23.5,4.495,2.78,5034.708,4,423.031,8.35,2.8,36.7,59.607,0.6,67.27,0.562
PAK,Asia,Pakistan,15/04/2020,6919,536,347.143,128,17,9,31.323,2.427,1.572,0.579,0.077,0.041,1.46,,,,,,,,,78979,5540,0.358,0.025,4869,0.022,0.071,14,tests performed,92.59,220892331,255.573,23.5,4.495,2.78,5034.708,4,423.031,8.35,2.8,36.7,59.607,0.6,67.27,0.562
PAK,Asia,Pakistan,16/04/2020,7025,106,332.857,135,7,9.857,31.803,0.48,1.507,0.611,0.032,0.045,1.46,,,,,,,,,84704,5725,0.383,0.026,4285,0.019,0.078,12.9,tests performed,92.59,220892331,255.573,23.5,4.495,2.78,5034.708,4,423.031,8.35,2.8,36.7,59.607,0.6,67.27,0.562
PAK,Asia,Pakistan,17/04/2020,7638,613,375.286,143,8,8.143,34.578,2.775,1.699,0.647,0.036,0.037,1.47,,,,,,,,,92548,7844,0.419,0.036,4959,0.022,0.076,13.2,tests performed,92.59,220892331,255.573,23.5,4.495,2.78,5034.708,4,423.031,8.35,2.8,36.7,59.607,0.6,67.27,0.562
PAK,Asia,Pakistan,18/04/2020,8348,710,445.429,168,25,11,37.792,3.214,2.016,0.761,0.113,0.05,1.48,,,,,,,,,98522,5974,0.446,0.027,5246,0.024,0.085,11.8,tests performed,92.59,220892331,255.573,23.5,4.495,2.78,5034.708,4,423.031,8.35,2.8,36.7,59.607,0.6,67.27,0.562
PAK,Asia,Pakistan,19/04/2020,8418,70,417.429,176,8,11.857,38.109,0.317,1.89,0.797,0.036,0.054,1.47,,,,,,,,,104302,5780,0.472,0.026,5598,0.025,0.075,13.4,tests performed,92.59,220892331,255.573,23.5,4.495,2.78,5034.708,4,423.031,8.35,2.8,36.7,59.607,0.6,67.27,0.562
PAK,Asia,Pakistan,20/04/2020,9565,1147,532.571,201,25,15,43.302,5.193,2.411,0.91,0.113,0.068,1.49,,,,,,,,,,,,,5447,0.025,0.098,10.2,tests performed,92.59,220892331,255.573,23.5,4.495,2.78,5034.708,4,423.031,8.35,2.8,36.7,59.607,0.6,67.27,0.562
PAK,Asia,Pakistan,21/04/2020,10076,511,527.571,212,11,14.429,45.615,2.313,2.388,0.96,0.05,0.065,1.48,,,,,,,,,111806,,0.506,,5481,0.025,0.096,10.4,tests performed,92.59,220892331,255.573,23.5,4.495,2.78,5034.708,4,423.031,8.35,2.8,36.7,59.607,0.6,67.27,0.562
PAK,Asia,Pakistan,22/04/2020,11155,1079,605.143,237,25,15.571,50.5,4.885,2.74,1.073,0.113,0.07,1.47,,,,,,,,,118020,6214,0.534,0.028,5577,0.025,0.109,9.2,tests performed,92.59,220892331,255.573,23.5,4.495,2.78,5034.708,4,423.031,8.35,2.8,36.7,59.607,0.6,67.27,0.562
PAK,Asia,Pakistan,23/04/2020,11940,785,702.143,253,16,16.857,54.053,3.554,3.179,1.145,0.072,0.076,1.45,,,,,,,,,124549,6529,0.564,0.03,5692,0.026,0.123,8.1,tests performed,92.59,220892331,255.573,23.5,4.495,2.78,5034.708,4,423.031,8.35,2.8,36.7,59.607,0.6,67.27,0.562
PAK,Asia,Pakistan,24/04/2020,12723,783,726.429,269,16,18,57.598,3.545,3.289,1.218,0.072,0.081,1.43,,,,,,,,,131365,6816,0.595,0.031,5545,0.025,0.131,7.6,tests performed,89.81,220892331,255.573,23.5,4.495,2.78,5034.708,4,423.031,8.35,2.8,36.7,59.607,0.6,67.27,0.562
PAK,Asia,Pakistan,25/04/2020,13328,605,711.429,281,12,16.143,60.337,2.739,3.221,1.272,0.054,0.073,1.41,,,,,,,,,138147,6782,0.625,0.031,5661,0.026,0.126,8,tests performed,89.81,220892331,255.573,23.5,4.495,2.78,5034.708,4,423.031,8.35,2.8,36.7,59.607,0.6,67.27,0.562
PAK,Asia,Pakistan,26/04/2020,13915,587,785.286,292,11,16.571,62.994,2.657,3.555,1.322,0.05,0.075,1.4,,,,,,,,,144365,6218,0.654,0.028,5723,0.026,0.137,7.3,tests performed,89.81,220892331,255.573,23.5,4.495,2.78,5034.708,4,423.031,8.35,2.8,36.7,59.607,0.6,67.27,0.562
PAK,Asia,Pakistan,27/04/2020,14612,697,721,312,20,15.857,66.15,3.155,3.264,1.412,0.091,0.072,1.4,,,,,,,,,150756,6391,0.682,0.029,6100,0.028,0.118,8.5,tests performed,89.81,220892331,255.573,23.5,4.495,2.78,5034.708,4,423.031,8.35,2.8,36.7,59.607,0.6,67.27,0.562
PAK,Asia,Pakistan,28/04/2020,15525,913,778.429,343,31,18.714,70.283,4.133,3.524,1.553,0.14,0.085,1.4,,,,,,,,,157223,6467,0.712,0.029,6488,0.029,0.12,8.3,tests performed,89.81,220892331,255.573,23.5,4.495,2.78,5034.708,4,423.031,8.35,2.8,36.7,59.607,0.6,67.27,0.562
PAK,Asia,Pakistan,29/04/2020,16817,1292,808.857,385,42,21.143,76.132,5.849,3.662,1.743,0.19,0.096,1.4,,,,,,,,,165911,8688,0.751,0.039,6842,0.031,0.118,8.5,tests performed,89.81,220892331,255.573,23.5,4.495,2.78,5034.708,4,423.031,8.35,2.8,36.7,59.607,0.6,67.27,0.562
PAK,Asia,Pakistan,30/04/2020,18114,1297,882,417,32,23.429,82.004,5.872,3.993,1.888,0.145,0.106,1.39,,,,,,,,,174160,8249,0.788,0.037,7087,0.032,0.124,8,tests performed,89.81,220892331,255.573,23.5,4.495,2.78,5034.708,4,423.031,8.35,2.8,36.7,59.607,0.6,67.27,0.562
PAK,Asia,Pakistan,01/05/2020,19103,989,911.429,440,23,24.429,86.481,4.477,4.126,1.992,0.104,0.111,1.38,,,,,,,,,182131,7971,0.825,0.036,7252,0.033,0.126,8,tests performed,89.81,220892331,255.573,23.5,4.495,2.78,5034.708,4,423.031,8.35,2.8,36.7,59.607,0.6,67.27,0.562
PAK,Asia,Pakistan,02/05/2020,20084,981,965.143,457,17,25.143,90.922,4.441,4.369,2.069,0.077,0.114,1.37,,,,,,,,,193859,11728,0.878,0.053,7959,0.036,0.121,8.2,tests performed,89.81,220892331,255.573,23.5,4.495,2.78,5034.708,4,423.031,8.35,2.8,36.7,59.607,0.6,67.27,0.562
PAK,Asia,Pakistan,03/05/2020,20941,857,1003.714,476,19,26.286,94.802,3.88,4.544,2.155,0.086,0.119,1.36,,,,,,,,,203025,9166,0.919,0.041,8380,0.038,0.12,8.3,tests performed,89.81,220892331,255.573,23.5,4.495,2.78,5034.708,4,423.031,8.35,2.8,36.7,59.607,0.6,67.27,0.562
PAK,Asia,Pakistan,04/05/2020,22049,1108,1062.429,514,38,28.857,99.818,5.016,4.81,2.327,0.172,0.131,1.36,,,,,,,,,212511,9486,0.962,0.043,8822,0.04,0.12,8.3,tests performed,89.81,220892331,255.573,23.5,4.495,2.78,5034.708,4,423.031,8.35,2.8,36.7,59.607,0.6,67.27,0.562
PAK,Asia,Pakistan,05/05/2020,24073,2024,1221.143,564,50,31.571,108.981,9.163,5.528,2.553,0.226,0.143,1.37,,,,,,,,,222404,9893,1.007,0.045,9312,0.042,0.131,7.6,tests performed,89.81,220892331,255.573,23.5,4.495,2.78,5034.708,4,423.031,8.35,2.8,36.7,59.607,0.6,67.27,0.562
PAK,Asia,Pakistan,06/05/2020,24644,571,1118.143,585,21,28.571,111.566,2.585,5.062,2.648,0.095,0.129,1.35,,,,,,,,,232582,10178,1.053,0.046,9524,0.043,0.117,8.5,tests performed,89.81,220892331,255.573,23.5,4.495,2.78,5034.708,4,423.031,8.35,2.8,36.7,59.607,0.6,67.27,0.562
PAK,Asia,Pakistan,07/05/2020,26435,1791,1188.714,599,14,26,119.674,8.108,5.381,2.712,0.063,0.118,1.35,,,,,,,,,244778,12196,1.108,0.055,10088,0.046,0.118,8.5,tests performed,89.81,220892331,255.573,23.5,4.495,2.78,5034.708,4,423.031,8.35,2.8,36.7,59.607,0.6,67.27,0.562
PAK,Asia,Pakistan,08/05/2020,28736,2301,1376.143,636,37,28,130.091,10.417,6.23,2.879,0.168,0.127,1.35,,,,,,,,,257247,12469,1.165,0.056,10731,0.049,0.128,7.8,tests performed,89.81,220892331,255.573,23.5,4.495,2.78,5034.708,4,423.031,8.35,2.8,36.7,59.607,0.6,67.27,0.562
PAK,Asia,Pakistan,09/05/2020,30334,1598,1464.286,659,23,28.857,137.325,7.234,6.629,2.983,0.104,0.131,1.33,,,,,,,,,270025,12778,1.222,0.058,10881,0.049,0.135,7.4,tests performed,89.81,220892331,255.573,23.5,4.495,2.78,5034.708,4,423.031,8.35,2.8,36.7,59.607,0.6,67.27,0.562
PAK,Asia,Pakistan,10/05/2020,32081,1747,1591.429,706,47,32.857,145.234,7.909,7.205,3.196,0.213,0.149,1.31,,,,,,,,,283517,13492,1.284,0.061,11499,0.052,0.138,7.2,tests performed,89.81,220892331,255.573,23.5,4.495,2.78,5034.708,4,423.031,8.35,2.8,36.7,59.607,0.6,67.27,0.562
PAK,Asia,Pakistan,11/05/2020,34336,2255,1755.286,737,31,31.857,155.442,10.209,7.946,3.336,0.14,0.144,1.29,,,,,,,,,294894,11377,1.335,0.052,11769,0.053,0.149,6.7,tests performed,89.81,220892331,255.573,23.5,4.495,2.78,5034.708,4,423.031,8.35,2.8,36.7,59.607,0.6,67.27,0.562
PAK,Asia,Pakistan,12/05/2020,35298,962,1603.571,761,24,28.143,159.797,4.355,7.26,3.445,0.109,0.127,1.26,,,,,,,,,305851,10957,1.385,0.05,11921,0.054,0.135,7.4,tests performed,89.81,220892331,255.573,23.5,4.495,2.78,5034.708,4,423.031,8.35,2.8,36.7,59.607,0.6,67.27,0.562
PAK,Asia,Pakistan,13/05/2020,35788,490,1592,770,9,26.429,162.016,2.218,7.207,3.486,0.041,0.12,1.25,,,,,,,,,317699,11848,1.438,0.054,12160,0.055,0.131,7.6,tests performed,89.81,220892331,255.573,23.5,4.495,2.78,5034.708,4,423.031,8.35,2.8,36.7,59.607,0.6,67.27,0.562
PAK,Asia,Pakistan,14/05/2020,38799,3011,1766.286,834,64,33.571,175.647,13.631,7.996,3.776,0.29,0.152,1.25,,,,,,,,,330750,13051,1.497,0.059,12282,0.056,0.144,7,tests performed,89.81,220892331,255.573,23.5,4.495,2.78,5034.708,4,423.031,8.35,2.8,36.7,59.607,0.6,67.27,0.562
PAK,Asia,Pakistan,15/05/2020,38799,0,1437.571,834,0,28.286,175.647,0,6.508,3.776,0,0.128,1.23,,,,,,,,,344450,13700,1.559,0.062,12458,0.056,0.115,8.7,tests performed,89.81,220892331,255.573,23.5,4.495,2.78,5034.708,4,423.031,8.35,2.8,36.7,59.607,0.6,67.27,0.562
PAK,Asia,Pakistan,16/05/2020,40151,1352,1402.429,873,39,30.571,181.767,6.121,6.349,3.952,0.177,0.138,1.24,,,,,,,,,359264,14814,1.626,0.067,12748,0.058,0.11,9.1,tests performed,78.7,220892331,255.573,23.5,4.495,2.78,5034.708,4,423.031,8.35,2.8,36.7,59.607,0.6,67.27,0.562
PAK,Asia,Pakistan,17/05/2020,42125,1974,1434.857,903,30,28.143,190.704,8.936,6.496,4.088,0.136,0.127,1.24,,,,,,,,,373410,14146,1.69,0.064,12842,0.058,0.112,9,tests performed,85.19,220892331,255.573,23.5,4.495,2.78,5034.708,4,423.031,8.35,2.8,36.7,59.607,0.6,67.27,0.562
PAK,Asia,Pakistan,18/05/2020,43966,1841,1375.714,939,36,28.857,199.038,8.334,6.228,4.251,0.163,0.131,1.25,,,,,,,,,387335,13925,1.754,0.063,13206,0.06,0.104,9.6,tests performed,85.19,220892331,255.573,23.5,4.495,2.78,5034.708,4,423.031,8.35,2.8,36.7,59.607,0.6,67.27,0.562
PAK,Asia,Pakistan,19/05/2020,45898,1932,1514.286,985,46,32,207.784,8.746,6.855,4.459,0.208,0.145,1.25,,,,,,,,,400292,12957,1.812,0.059,13492,0.061,0.112,8.9,tests performed,85.19,220892331,255.573,23.5,4.495,2.78,5034.708,4,423.031,8.35,2.8,36.7,59.607,0.6,67.27,0.562
PAK,Asia,Pakistan,20/05/2020,48091,2193,1757.571,1017,32,35.286,217.712,9.928,7.957,4.604,0.145,0.16,1.25,,,,,,,,,414254,13962,1.875,0.063,13794,0.062,0.127,7.8,tests performed,85.19,220892331,255.573,23.5,4.495,2.78,5034.708,4,423.031,8.35,2.8,36.7,59.607,0.6,67.27,0.562
PAK,Asia,Pakistan,21/05/2020,50694,2603,1699.286,1067,50,33.286,229.496,11.784,7.693,4.83,0.226,0.151,1.25,,,,,,,,,429600,15346,1.945,0.069,14121,0.064,0.12,8.3,tests performed,82.41,220892331,255.573,23.5,4.495,2.78,5034.708,4,423.031,8.35,2.8,36.7,59.607,0.6,67.27,0.562
PAK,Asia,Pakistan,22/05/2020,52437,1743,1948.286,1101,34,38.143,237.387,7.891,8.82,4.984,0.154,0.173,1.24,,,,,,,,,445987,16387,2.019,0.074,14505,0.066,0.134,7.4,tests performed,82.41,220892331,255.573,23.5,4.495,2.78,5034.708,4,423.031,8.35,2.8,36.7,59.607,0.6,67.27,0.562
PAK,Asia,Pakistan,23/05/2020,54601,2164,2064.286,1133,32,37.143,247.184,9.797,9.345,5.129,0.145,0.168,1.24,,,,,,,,,460692,14705,2.086,0.067,14490,0.066,0.142,7,tests performed,82.41,220892331,255.573,23.5,4.495,2.78,5034.708,4,423.031,8.35,2.8,36.7,59.607,0.6,67.27,0.562
PAK,Asia,Pakistan,24/05/2020,56349,1748,2032,1167,34,37.714,255.097,7.913,9.199,5.283,0.154,0.171,1.24,,,,,,,,,473607,12915,2.144,0.058,14314,0.065,0.142,7,tests performed,82.41,220892331,255.573,23.5,4.495,2.78,5034.708,4,423.031,8.35,2.8,36.7,59.607,0.6,67.27,0.562
PAK,Asia,Pakistan,25/05/2020,57705,1356,1962.714,1197,30,36.857,261.236,6.139,8.885,5.419,0.136,0.167,1.24,,,,,,,,,483656,10049,2.19,0.045,13760,0.062,0.143,7,tests performed,82.41,220892331,255.573,23.5,4.495,2.78,5034.708,4,423.031,8.35,2.8,36.7,59.607,0.6,67.27,0.562
PAK,Asia,Pakistan,26/05/2020,59151,1446,1893.286,1225,28,34.286,267.782,6.546,8.571,5.546,0.127,0.155,1.25,,,,,,,,,490908,7252,2.222,0.033,12945,0.059,0.146,6.8,tests performed,82.41,220892331,255.573,23.5,4.495,2.78,5034.708,4,423.031,8.35,2.8,36.7,59.607,0.6,67.27,0.562
PAK,Asia,Pakistan,27/05/2020,61227,2076,1876.571,1260,35,34.714,277.18,9.398,8.495,5.704,0.158,0.157,1.27,,,,,,,,,499399,8491,2.261,0.038,12164,0.055,0.154,6.5,tests performed,82.41,220892331,255.573,23.5,4.495,2.78,5034.708,4,423.031,8.35,2.8,36.7,59.607,0.6,67.27,0.562
PAK,Asia,Pakistan,28/05/2020,64028,2801,1904.857,1317,57,35.714,289.861,12.68,8.623,5.962,0.258,0.162,1.28,,,,,,,,,508086,8687,2.3,0.039,11212,0.051,0.17,5.9,tests performed,82.41,220892331,255.573,23.5,4.495,2.78,5034.708,4,423.031,8.35,2.8,36.7,59.607,0.6,67.27,0.562
PAK,Asia,Pakistan,29/05/2020,66457,2429,2002.857,1395,78,42,300.857,10.996,9.067,6.315,0.353,0.19,1.3,,,,,,,,,520017,11931,2.354,0.054,10576,0.048,0.189,5.3,tests performed,82.41,220892331,255.573,23.5,4.495,2.78,5034.708,4,423.031,8.35,2.8,36.7,59.607,0.6,67.27,0.562
PAK,Asia,Pakistan,30/05/2020,69496,3039,2127.857,1483,88,50,314.615,13.758,9.633,6.714,0.398,0.226,1.31,,,,,,,,,532037,12020,2.409,0.054,10192,0.046,0.209,4.8,tests performed,82.41,220892331,255.573,23.5,4.495,2.78,5034.708,4,423.031,8.35,2.8,36.7,59.607,0.6,67.27,0.562
PAK,Asia,Pakistan,31/05/2020,72460,2964,2301.571,1543,60,53.714,328.033,13.418,10.419,6.985,0.272,0.243,1.32,,,,,,,,,547030,14993,2.476,0.068,10489,0.047,0.219,4.6,tests performed,82.41,220892331,255.573,23.5,4.495,2.78,5034.708,4,423.031,8.35,2.8,36.7,59.607,0.6,67.27,0.562
PAK,Asia,Pakistan,01/06/2020,76398,3938,2670.429,1621,78,60.571,345.861,17.828,12.089,7.338,0.353,0.274,1.33,,,,,,,,,561136,14106,2.54,0.064,11069,0.05,0.241,4.1,tests performed,82.41,220892331,255.573,23.5,4.495,2.78,5034.708,4,423.031,8.35,2.8,36.7,59.607,0.6,67.27,0.562
PAK,Asia,Pakistan,02/06/2020,80463,4065,3044.571,1688,67,66.143,364.263,18.403,13.783,7.642,0.303,0.299,1.33,,,,,,,,,577974,16838,2.617,0.076,12438,0.056,0.245,4.1,tests performed,82.41,220892331,255.573,23.5,4.495,2.78,5034.708,4,423.031,8.35,2.8,36.7,59.607,0.6,67.27,0.562
PAK,Asia,Pakistan,03/06/2020,85264,4801,3433.857,1770,82,72.857,385.998,21.735,15.545,8.013,0.371,0.33,1.33,,,,,,,,,595344,17370,2.695,0.079,13706,0.062,0.251,4,tests performed,82.41,220892331,255.573,23.5,4.495,2.78,5034.708,4,423.031,8.35,2.8,36.7,59.607,0.6,67.27,0.562
PAK,Asia,Pakistan,04/06/2020,89249,3985,3603,1838,68,74.429,404.038,18.04,16.311,8.321,0.308,0.337,1.32,,,,,,,,,615511,20167,2.786,0.091,15346,0.069,0.235,4.3,tests performed,69.44,220892331,255.573,23.5,4.495,2.78,5034.708,4,423.031,8.35,2.8,36.7,59.607,0.6,67.27,0.562
PAK,Asia,Pakistan,05/06/2020,93983,4734,3932.286,1935,97,77.143,425.47,21.431,17.802,8.76,0.439,0.349,1.31,,,,,,,,,638323,22812,2.89,0.103,16901,0.077,0.233,4.3,tests performed,69.44,220892331,255.573,23.5,4.495,2.78,5034.708,4,423.031,8.35,2.8,36.7,59.607,0.6,67.27,0.562
PAK,Asia,Pakistan,06/06/2020,98943,4960,4206.714,2002,67,74.143,447.924,22.454,19.044,9.063,0.303,0.336,1.3,,,,,,,,,660508,22185,2.99,0.1,18353,0.083,0.229,4.4,tests performed,69.44,220892331,255.573,23.5,4.495,2.78,5034.708,4,423.031,8.35,2.8,36.7,59.607,0.6,67.27,0.562
PAK,Asia,Pakistan,07/06/2020,103671,4728,4458.714,2067,65,74.857,469.328,21.404,20.185,9.358,0.294,0.339,1.29,,,,,,,,,683608,23100,3.095,0.105,19511,0.088,0.229,4.4,tests performed,61.11,220892331,255.573,23.5,4.495,2.78,5034.708,4,423.031,8.35,2.8,36.7,59.607,0.6,67.27,0.562
PAK,Asia,Pakistan,08/06/2020,108317,4646,4559.857,2172,105,78.714,490.361,21.033,20.643,9.833,0.475,0.356,1.27,,,,,,,,,705833,22225,3.195,0.101,20671,0.094,0.221,4.5,tests performed,61.11,220892331,255.573,23.5,4.495,2.78,5034.708,4,423.031,8.35,2.8,36.7,59.607,0.6,67.27,0.562
PAK,Asia,Pakistan,09/06/2020,113702,5385,4748.429,2255,83,81,514.739,24.378,21.497,10.209,0.376,0.367,1.26,,,,,,,,,730453,24620,3.307,0.111,21783,0.099,0.218,4.6,tests performed,61.11,220892331,255.573,23.5,4.495,2.78,5034.708,4,423.031,8.35,2.8,36.7,59.607,0.6,67.27,0.562
PAK,Asia,Pakistan,10/06/2020,119536,5834,4896,2356,101,83.714,541.151,26.411,22.165,10.666,0.457,0.379,1.24,,,,,,,,,754252,23799,3.415,0.108,22701,0.103,0.216,4.6,tests performed,61.11,220892331,255.573,23.5,4.495,2.78,5034.708,4,423.031,8.35,2.8,36.7,59.607,0.6,67.27,0.562
PAK,Asia,Pakistan,11/06/2020,125933,6397,5240.571,2463,107,89.286,570.11,28.96,23.725,11.15,0.484,0.404,1.22,,,,,,,,,780825,26573,3.535,0.12,23616,0.107,0.222,4.5,tests performed,61.11,220892331,255.573,23.5,4.495,2.78,5034.708,4,423.031,8.35,2.8,36.7,59.607,0.6,67.27,0.562
PAK,Asia,Pakistan,12/06/2020,125933,0,4564.286,2463,0,75.429,570.11,0,20.663,11.15,0,0.341,1.2,,,,,,,,,809169,28344,3.663,0.128,24407,0.11,0.187,5.3,tests performed,61.11,220892331,255.573,23.5,4.495,2.78,5034.708,4,423.031,8.35,2.8,36.7,59.607,0.6,67.27,0.562
PAK,Asia,Pakistan,13/06/2020,132405,6472,4780.286,2551,88,78.429,599.41,29.299,21.641,11.549,0.398,0.355,1.2,,,,,,,,,839019,29850,3.798,0.135,25502,0.115,0.187,5.3,tests performed,61.11,220892331,255.573,23.5,4.495,2.78,5034.708,4,423.031,8.35,2.8,36.7,59.607,0.6,67.27,0.562
PAK,Asia,Pakistan,14/06/2020,144478,12073,5829.571,2729,178,94.571,654.065,54.656,26.391,12.354,0.806,0.428,1.19,,,,,,,,,868565,29546,3.932,0.134,26422,0.12,0.221,4.5,tests performed,61.11,220892331,255.573,23.5,4.495,2.78,5034.708,4,423.031,8.35,2.8,36.7,59.607,0.6,67.27,0.562
PAK,Asia,Pakistan,15/06/2020,148921,4443,5800.571,2839,110,95.286,674.179,20.114,26.26,12.852,0.498,0.431,1.16,,,,,,,,,897650,29085,4.064,0.132,27402,0.124,0.212,4.7,tests performed,61.11,220892331,255.573,23.5,4.495,2.78,5034.708,4,423.031,8.35,2.8,36.7,59.607,0.6,67.27,0.562
PAK,Asia,Pakistan,16/06/2020,154760,5839,5865.429,2975,136,102.857,700.613,26.434,26.553,13.468,0.616,0.466,1.13,,,,,,,,,922665,25015,4.177,0.113,27459,0.124,0.214,4.7,tests performed,61.11,220892331,255.573,23.5,4.495,2.78,5034.708,4,423.031,8.35,2.8,36.7,59.607,0.6,67.27,0.562
PAK,Asia,Pakistan,17/06/2020,160118,5358,5797.429,3093,118,105.286,724.869,24.256,26.245,14.002,0.534,0.477,1.1,,,,,,,,,950782,28117,4.304,0.127,28076,0.127,0.206,4.8,tests performed,61.11,220892331,255.573,23.5,4.495,2.78,5034.708,4,423.031,8.35,2.8,36.7,59.607,0.6,67.27,0.562
PAK,Asia,Pakistan,18/06/2020,165062,4944,5589.857,3229,136,109.429,747.251,22.382,25.306,14.618,0.616,0.495,1.07,,,,,,,,,982012,31230,4.446,0.141,28741,0.13,0.194,5.1,tests performed,61.11,220892331,255.573,23.5,4.495,2.78,5034.708,4,423.031,8.35,2.8,36.7,59.607,0.6,67.27,0.562
PAK,Asia,Pakistan,19/06/2020,171666,6604,6533.286,3382,153,131.286,777.148,29.897,29.577,15.311,0.693,0.594,1.05,,,,,,,,,1011106,29094,4.577,0.132,28848,0.131,0.226,4.4,tests performed,61.11,220892331,255.573,23.5,4.495,2.78,5034.708,4,423.031,8.35,2.8,36.7,59.607,0.6,67.27,0.562
PAK,Asia,Pakistan,20/06/2020,176617,4951,6316,3501,119,135.714,799.561,22.414,28.593,15.849,0.539,0.614,1.02,,,,,,,,,1042787,31681,4.721,0.143,29110,0.132,0.217,4.6,tests performed,58.33,220892331,255.573,23.5,4.495,2.78,5034.708,4,423.031,8.35,2.8,36.7,59.607,0.6,67.27,0.562
PAK,Asia,Pakistan,21/06/2020,181088,4471,5230,3590,89,123,819.802,20.241,23.677,16.252,0.403,0.557,0.99,,,,,,,,,1071642,28855,4.851,0.131,29011,0.131,0.18,5.5,tests performed,58.33,220892331,255.573,23.5,4.495,2.78,5034.708,4,423.031,8.35,2.8,36.7,59.607,0.6,67.27,0.562
PAK,Asia,Pakistan,22/06/2020,185034,3946,5159,3695,105,122.286,837.666,17.864,23.355,16.728,0.475,0.554,0.97,,,,,,,,,1102162,30520,4.99,0.138,29216,0.132,0.177,5.7,tests performed,60.19,220892331,255.573,23.5,4.495,2.78,5034.708,4,423.031,8.35,2.8,36.7,59.607,0.6,67.27,0.562
PAK,Asia,Pakistan,23/06/2020,188926,3892,4880.857,3755,60,111.429,855.285,17.619,22.096,16.999,0.272,0.504,0.95,,,,,,,,,1126761,24599,5.101,0.111,29157,0.132,0.167,6,tests performed,60.19,220892331,255.573,23.5,4.495,2.78,5034.708,4,423.031,8.35,2.8,36.7,59.607,0.6,67.27,0.562
PAK,Asia,Pakistan,24/06/2020,192970,4044,4693.143,3903,148,115.714,873.593,18.308,21.246,17.669,0.67,0.524,0.93,,,,,,,,,1150141,23380,5.207,0.106,28480,0.129,0.165,6.1,tests performed,60.19,220892331,255.573,23.5,4.495,2.78,5034.708,4,423.031,8.35,2.8,36.7,59.607,0.6,67.27,0.562
PAK,Asia,Pakistan,25/06/2020,195745,2775,4383.286,3962,59,104.714,886.156,12.563,19.844,17.936,0.267,0.474,0.92,,,,,,,,,1171976,21835,5.306,0.099,27138,0.123,0.162,6.2,tests performed,60.19,220892331,255.573,23.5,4.495,2.78,5034.708,4,423.031,8.35,2.8,36.7,59.607,0.6,67.27,0.562
PAK,Asia,Pakistan,26/06/2020,198883,3138,3888.143,4035,73,93.286,900.362,14.206,17.602,18.267,0.33,0.422,0.91,,,,,,,,,1193017,21041,5.401,0.095,25987,0.118,0.15,6.7,tests performed,60.19,220892331,255.573,23.5,4.495,2.78,5034.708,4,423.031,8.35,2.8,36.7,59.607,0.6,67.27,0.562
PAK,Asia,Pakistan,27/06/2020,202955,4072,3762.571,4118,83,88.143,918.796,18.434,17.034,18.643,0.376,0.399,0.9,,,,,,,,,1214140,21123,5.497,0.096,24479,0.111,0.154,6.5,tests performed,60.19,220892331,255.573,23.5,4.495,2.78,5034.708,4,423.031,8.35,2.8,36.7,59.607,0.6,67.27,0.562
PAK,Asia,Pakistan,28/06/2020,206512,3557,3632,4167,49,82.429,934.899,16.103,16.442,18.864,0.222,0.373,0.9,,,,,,,,,1239153,25013,5.61,0.113,23930,0.108,0.152,6.6,tests performed,60.19,220892331,255.573,23.5,4.495,2.78,5034.708,4,423.031,8.35,2.8,36.7,59.607,0.6,67.27,0.562
PAK,Asia,Pakistan,29/06/2020,209337,2825,3471.857,4304,137,87,947.688,12.789,15.717,19.485,0.62,0.394,0.89,,,,,,,,,1262162,23009,5.714,0.104,22857,0.103,0.152,6.6,tests performed,60.19,220892331,255.573,23.5,4.495,2.78,5034.708,4,423.031,8.35,2.8,36.7,59.607,0.6,67.27,0.562
PAK,Asia,Pakistan,30/06/2020,213470,4133,3506.286,4395,91,91.429,966.398,18.71,15.873,19.897,0.412,0.414,0.89,,,,,,,,,1283092,20930,5.809,0.095,22333,0.101,0.157,6.4,tests performed,60.19,220892331,255.573,23.5,4.495,2.78,5034.708,4,423.031,8.35,2.8,36.7,59.607,0.6,67.27,0.562
PAK,Asia,Pakistan,01/07/2020,217809,4339,3548.429,4473,78,81.429,986.041,19.643,16.064,20.25,0.353,0.369,0.89,,,,,,,,,1305510,22418,5.91,0.101,22196,0.1,0.16,6.3,tests performed,60.19,220892331,255.573,23.5,4.495,2.78,5034.708,4,423.031,8.35,2.8,36.7,59.607,0.6,67.27,0.562
PAK,Asia,Pakistan,02/07/2020,221896,4087,3735.857,4551,78,84.143,1004.544,18.502,16.913,20.603,0.353,0.381,0.88,,,,,,,,,1327638,22128,6.01,0.1,22237,0.101,0.168,6,tests performed,66.67,220892331,255.573,23.5,4.495,2.78,5034.708,4,423.031,8.35,2.8,36.7,59.607,0.6,67.27,0.562
PAK,Asia,Pakistan,03/07/2020,221896,0,3287.571,4551,0,73.714,1004.544,0,14.883,20.603,0,0.334,0.87,,,,,,,,,1350773,23135,6.115,0.105,22537,0.102,0.146,6.9,tests performed,66.67,220892331,255.573,23.5,4.495,2.78,5034.708,4,423.031,8.35,2.8,36.7,59.607,0.6,67.27,0.562
PAK,Asia,Pakistan,04/07/2020,225283,3387,3189.714,4619,68,71.571,1019.877,15.333,14.44,20.911,0.308,0.324,0.87,,,,,,,,,1372825,22052,6.215,0.1,22669,0.103,0.141,7.1,tests performed,66.67,220892331,255.573,23.5,4.495,2.78,5034.708,4,423.031,8.35,2.8,36.7,59.607,0.6,67.27,0.562
PAK,Asia,Pakistan,05/07/2020,231818,6535,3615.143,4762,143,85,1049.462,29.585,16.366,21.558,0.647,0.385,0.87,,,,,,,,,1398352,25527,6.33,0.116,22743,0.103,0.159,6.3,tests performed,66.67,220892331,255.573,23.5,4.495,2.78,5034.708,4,423.031,8.35,2.8,36.7,59.607,0.6,67.27,0.562
PAK,Asia,Pakistan,06/07/2020,234509,2691,3596,4839,77,76.429,1061.644,12.182,16.279,21.907,0.349,0.346,0.86,,,,,,,,,1420623,22271,6.431,0.101,22637,0.102,0.159,6.3,tests performed,66.67,220892331,255.573,23.5,4.495,2.78,5034.708,4,423.031,8.35,2.8,36.7,59.607,0.6,67.27,0.562
PAK,Asia,Pakistan,07/07/2020,237489,2980,3431.286,4922,83,75.286,1075.135,13.491,15.534,22.282,0.376,0.341,0.85,,,,,,,,,1445153,24530,6.542,0.111,23152,0.105,0.148,6.7,tests performed,66.67,220892331,255.573,23.5,4.495,2.78,5034.708,4,423.031,8.35,2.8,36.7,59.607,0.6,67.27,0.562
PAK,Asia,Pakistan,08/07/2020,240848,3359,3291.286,4983,61,72.857,1090.341,15.207,14.9,22.559,0.276,0.33,0.84,,,,,,,,,1467104,21951,6.642,0.099,23085,0.105,0.143,7,tests performed,66.67,220892331,255.573,23.5,4.495,2.78,5034.708,4,423.031,8.35,2.8,36.7,59.607,0.6,67.27,0.562
PAK,Asia,Pakistan,09/07/2020,243599,2751,3100.429,5058,75,72.429,1102.795,12.454,14.036,22.898,0.34,0.328,0.82,,,,,,,,,1491437,24333,6.752,0.11,23400,0.106,0.132,7.5,tests performed,66.67,220892331,255.573,23.5,4.495,2.78,5034.708,4,423.031,8.35,2.8,36.7,59.607,0.6,67.27,0.562
PAK,Asia,Pakistan,10/07/2020,246351,2752,3493.571,5123,65,81.714,1115.254,12.459,15.816,23.192,0.294,0.37,0.81,,,,,,,,,1514858,23421,6.858,0.106,23441,0.106,0.149,6.7,tests performed,66.67,220892331,255.573,23.5,4.495,2.78,5034.708,4,423.031,8.35,2.8,36.7,59.607,0.6,67.27,0.562
PAK,Asia,Pakistan,11/07/2020,248872,2521,3369.857,5197,74,82.571,1126.667,11.413,15.256,23.527,0.335,0.374,0.8,,,,,,,,,1538427,23569,6.965,0.107,23657,0.107,0.142,7,tests performed,66.67,220892331,255.573,23.5,4.495,2.78,5034.708,4,423.031,8.35,2.8,36.7,59.607,0.6,67.27,0.562
PAK,Asia,Pakistan,12/07/2020,251625,2753,2829.571,5266,69,72,1139.13,12.463,12.81,23.84,0.312,0.326,0.79,,,,,,,,,1562638,24211,7.074,0.11,23469,0.106,0.121,8.3,tests performed,66.67,220892331,255.573,23.5,4.495,2.78,5034.708,4,423.031,8.35,2.8,36.7,59.607,0.6,67.27,0.562
PAK,Asia,Pakistan,13/07/2020,253604,1979,2727.857,5320,54,68.714,1148.089,8.959,12.349,24.084,0.244,0.311,0.78,,,,,,,,,1585170,22532,7.176,0.102,23507,0.106,0.116,8.6,tests performed,66.67,220892331,255.573,23.5,4.495,2.78,5034.708,4,423.031,8.35,2.8,36.7,59.607,0.6,67.27,0.562
PAK,Asia,Pakistan,14/07/2020,255769,2165,2611.429,5386,66,66.286,1157.89,9.801,11.822,24.383,0.299,0.3,0.77,,,,,,,,,1606190,21020,7.271,0.095,23005,0.104,0.114,8.8,tests performed,66.67,220892331,255.573,23.5,4.495,2.78,5034.708,4,423.031,8.35,2.8,36.7,59.607,0.6,67.27,0.562
PAK,Asia,Pakistan,15/07/2020,257914,2145,2438,5426,40,63.286,1167.601,9.711,11.037,24.564,0.181,0.287,0.76,,,,,,,,,1627939,21749,7.37,0.098,22976,0.104,0.106,9.4,tests performed,66.67,220892331,255.573,23.5,4.495,2.78,5034.708,4,423.031,8.35,2.8,36.7,59.607,0.6,67.27,0.562
PAK,Asia,Pakistan,16/07/2020,257914,0,2045,5426,0,52.571,1167.601,0,9.258,24.564,0,0.238,0.75,,,,,,,,,1652183,24244,7.48,0.11,22964,0.104,0.089,11.2,tests performed,66.67,220892331,255.573,23.5,4.495,2.78,5034.708,4,423.031,8.35,2.8,36.7,59.607,0.6,67.27,0.562
PAK,Asia,Pakistan,17/07/2020,261917,4003,2223.714,5522,96,57,1185.722,18.122,10.067,24.999,0.435,0.258,0.75,,,,,,,,,1676090,23907,7.588,0.108,23033,0.104,0.097,10.4,tests performed,66.67,220892331,255.573,23.5,4.495,2.78,5034.708,4,423.031,8.35,2.8,36.7,59.607,0.6,67.27,0.562
PAK,Asia,Pakistan,18/07/2020,263496,1579,2089.143,5568,46,53,1192.871,7.148,9.458,25.207,0.208,0.24,0.74,,,,,,,,,1699101,23011,7.692,0.104,22953,0.104,0.091,11,tests performed,66.67,220892331,255.573,23.5,4.495,2.78,5034.708,4,423.031,8.35,2.8,36.7,59.607,0.6,67.27,0.562
PAK,Asia,Pakistan,19/07/2020,265083,1587,1922.571,5599,31,47.571,1200.055,7.184,8.704,25.347,0.14,0.215,0.73,,,,,,,,,1721660,22559,7.794,0.102,22717,0.103,0.085,11.8,tests performed,66.67,220892331,255.573,23.5,4.495,2.78,5034.708,4,423.031,8.35,2.8,36.7,59.607,0.6,67.27,0.562
PAK,Asia,Pakistan,20/07/2020,266096,1013,1784.571,5639,40,45.571,1204.641,4.586,8.079,25.528,0.181,0.206,0.72,,,,,,,,,1740768,19108,7.881,0.087,22228,0.101,0.08,12.5,tests performed,66.67,220892331,255.573,23.5,4.495,2.78,5034.708,4,423.031,8.35,2.8,36.7,59.607,0.6,67.27,0.562
PAK,Asia,Pakistan,21/07/2020,267428,1332,1665.571,5677,38,41.571,1210.671,6.03,7.54,25.7,0.172,0.188,0.71,,,,,,,,,1758551,17783,7.961,0.081,21766,0.099,0.077,13.1,tests performed,66.67,220892331,255.573,23.5,4.495,2.78,5034.708,4,423.031,8.35,2.8,36.7,59.607,0.6,67.27,0.562
PAK,Asia,Pakistan,22/07/2020,269191,1763,1611,5709,32,40.429,1218.653,7.981,7.293,25.845,0.145,0.183,0.71,,,,,,,,,1776882,18331,8.044,0.083,21278,0.096,0.076,13.2,tests performed,66.67,220892331,255.573,23.5,4.495,2.78,5034.708,4,423.031,8.35,2.8,36.7,59.607,0.6,67.27,0.562
PAK,Asia,Pakistan,23/07/2020,270400,1209,1783.714,5763,54,48.143,1224.126,5.473,8.075,26.09,0.244,0.218,0.71,,,,,,,,,1799290,22408,8.146,0.101,21015,0.095,0.085,11.8,tests performed,66.67,220892331,255.573,23.5,4.495,2.78,5034.708,4,423.031,8.35,2.8,36.7,59.607,0.6,67.27,0.562
PAK,Asia,Pakistan,24/07/2020,271887,1487,1424.286,5787,24,37.857,1230.858,6.732,6.448,26.198,0.109,0.171,0.7,,,,,,,,,1821296,22006,8.245,0.1,20744,0.094,0.069,14.6,tests performed,66.67,220892331,255.573,23.5,4.495,2.78,5034.708,4,423.031,8.35,2.8,36.7,59.607,0.6,67.27,0.562
PAK,Asia,Pakistan,25/07/2020,273113,1226,1373.857,5822,35,36.286,1236.408,5.55,6.22,26.357,0.158,0.164,0.7,,,,,,,,,1844926,23630,8.352,0.107,20832,0.094,0.066,15.2,tests performed,66.67,220892331,255.573,23.5,4.495,2.78,5034.708,4,423.031,8.35,2.8,36.7,59.607,0.6,67.27,0.562
PAK,Asia,Pakistan,26/07/2020,273113,0,1147.143,5822,0,31.857,1236.408,0,5.193,26.357,0,0.144,0.69,,,,,,,,,1868180,23254,8.457,0.105,20931,0.095,0.055,18.2,tests performed,66.67,220892331,255.573,23.5,4.495,2.78,5034.708,4,423.031,8.35,2.8,36.7,59.607,0.6,67.27,0.562
PAK,Asia,Pakistan,27/07/2020,274289,1176,1170.429,5842,20,29,1241.732,5.324,5.299,26.447,0.091,0.131,0.7,,,,,,,,,1909846,41666,8.646,0.189,24154,0.109,0.048,20.6,tests performed,66.67,220892331,255.573,23.5,4.495,2.78,5034.708,4,423.031,8.35,2.8,36.7,59.607,0.6,67.27,0.562
PAK,Asia,Pakistan,28/07/2020,275225,936,1113.857,5865,23,26.857,1245.969,4.237,5.043,26.551,0.104,0.122,0.7,,,,,,,,,1931102,21256,8.742,0.096,24650,0.112,0.045,22.1,tests performed,66.67,220892331,255.573,23.5,4.495,2.78,5034.708,4,423.031,8.35,2.8,36.7,59.607,0.6,67.27,0.562
PAK,Asia,Pakistan,29/07/2020,276288,1063,1013.857,5892,27,26.143,1250.781,4.812,4.59,26.674,0.122,0.118,0.7,,,,,,,,,1952730,21628,8.84,0.098,25121,0.114,0.04,24.8,tests performed,66.67,220892331,255.573,23.5,4.495,2.78,5034.708,4,423.031,8.35,2.8,36.7,59.607,0.6,67.27,0.562
PAK,Asia,Pakistan,30/07/2020,277402,1114,1000.286,5924,32,23,1255.824,5.043,4.528,26.818,0.145,0.104,0.71,,,,,,,,,1973237,20507,8.933,0.093,24850,0.112,0.04,24.8,tests performed,66.67,220892331,255.573,23.5,4.495,2.78,5034.708,4,423.031,8.35,2.8,36.7,59.607,0.6,67.27,0.562
PAK,Asia,Pakistan,31/07/2020,278305,903,916.857,5951,27,23.429,1259.912,4.088,4.151,26.941,0.122,0.106,0.71,,,,,,,,,,,,,24344,0.11,0.038,26.6,tests performed,66.67,220892331,255.573,23.5,4.495,2.78,5034.708,4,423.031,8.35,2.8,36.7,59.607,0.6,67.27,0.562
PAK,Asia,Pakistan,01/08/2020,278305,0,741.714,5951,0,18.429,1259.912,0,3.358,26.941,0,0.083,0.71,,,,,,,,,2010170,,9.1,,23606,0.107,0.031,31.8,tests performed,66.67,220892331,255.573,23.5,4.495,2.78,5034.708,4,423.031,8.35,2.8,36.7,59.607,0.6,67.27,0.562
PAK,Asia,Pakistan,02/08/2020,279699,1394,940.857,5976,25,22,1266.223,6.311,4.259,27.054,0.113,0.1,0.72,,,,,,,,,2021196,11026,9.15,0.05,21859,0.099,0.043,23.2,tests performed,66.67,220892331,255.573,23.5,4.495,2.78,5034.708,4,423.031,8.35,2.8,36.7,59.607,0.6,67.27,0.562
PAK,Asia,Pakistan,03/08/2020,280461,762,881.714,5999,23,22.429,1269.673,3.45,3.992,27.158,0.104,0.102,0.72,,,,,,,,,2031955,10759,9.199,0.049,17444,0.079,0.051,19.8,tests performed,66.67,220892331,255.573,23.5,4.495,2.78,5034.708,4,423.031,8.35,2.8,36.7,59.607,0.6,67.27,0.562
PAK,Asia,Pakistan,04/08/2020,280461,0,748,5999,0,19.143,1269.673,0,3.386,27.158,0,0.087,0.73,,,,,,,,,2043870,11915,9.253,0.054,16110,0.073,0.046,21.5,tests performed,66.67,220892331,255.573,23.5,4.495,2.78,5034.708,4,423.031,8.35,2.8,36.7,59.607,0.6,67.27,0.562
PAK,Asia,Pakistan,05/08/2020,281136,675,692.571,6014,15,17.429,1272.729,3.056,3.135,27.226,0.068,0.079,0.74,,,,,,,,,,,,,14092,0.064,0.049,20.3,tests performed,66.67,220892331,255.573,23.5,4.495,2.78,5034.708,4,423.031,8.35,2.8,36.7,59.607,0.6,67.27,0.562
PAK,Asia,Pakistan,06/08/2020,281863,727,637.286,6035,21,15.857,1276.02,3.291,2.885,27.321,0.095,0.072,0.76,,,,,,,,,2058872,,9.321,,12234,0.055,0.052,19.2,tests performed,66.67,220892331,255.573,23.5,4.495,2.78,5034.708,4,423.031,8.35,2.8,36.7,59.607,0.6,67.27,0.562
PAK,Asia,Pakistan,07/08/2020,282645,782,620,6052,17,14.429,1279.56,3.54,2.807,27.398,0.077,0.065,0.77,,,,,,,,,2079333,20461,9.413,0.093,12518,0.057,0.05,20.2,tests performed,66.67,220892331,255.573,23.5,4.495,2.78,5034.708,4,423.031,8.35,2.8,36.7,59.607,0.6,67.27,0.562
PAK,Asia,Pakistan,08/08/2020,283487,842,740.286,6068,16,16.714,1283.372,3.812,3.351,27.47,0.072,0.076,0.78,,,,,,,,,2103699,24366,9.524,0.11,13361,0.06,0.055,18,tests performed,66.67,220892331,255.573,23.5,4.495,2.78,5034.708,4,423.031,8.35,2.8,36.7,59.607,0.6,67.27,0.562
PAK,Asia,Pakistan,09/08/2020,284121,634,631.714,6082,14,15.143,1286.242,2.87,2.86,27.534,0.063,0.069,0.79,,,,,,,,,2127089,23390,9.63,0.106,15128,0.068,0.042,23.9,tests performed,66.67,220892331,255.573,23.5,4.495,2.78,5034.708,4,423.031,8.35,2.8,36.7,59.607,0.6,67.27,0.562
PAK,Asia,Pakistan,10/08/2020,284660,539,599.857,6097,15,14,1288.682,2.44,2.716,27.602,0.068,0.063,0.8,,,,,,,,,2147584,20495,9.722,0.093,16518,0.075,0.036,27.5,tests performed,47.69,220892331,255.573,23.5,4.495,2.78,5034.708,4,423.031,8.35,2.8,36.7,59.607,0.6,67.27,0.562
PAK,Asia,Pakistan,11/08/2020,285191,531,675.714,6112,15,16.143,1291.086,2.404,3.059,27.67,0.068,0.073,0.81,,,,,,,,,2165811,18227,9.805,0.083,17420,0.079,0.039,25.8,tests performed,47.69,220892331,255.573,23.5,4.495,2.78,5034.708,4,423.031,8.35,2.8,36.7,59.607,0.6,67.27,0.562
PAK,Asia,Pakistan,12/08/2020,285921,730,683.571,6129,17,16.429,1294.391,3.305,3.095,27.747,0.077,0.074,0.82,,,,,,,,,2186442,20631,9.898,0.093,19296,0.087,0.035,28.2,tests performed,47.69,220892331,255.573,23.5,4.495,2.78,5034.708,4,423.031,8.35,2.8,36.7,59.607,0.6,67.27,0.562
PAK,Asia,Pakistan,13/08/2020,286674,753,687.286,6139,10,14.857,1297.8,3.409,3.111,27.792,0.045,0.067,0.84,,,,,,,,,2205664,19222,9.985,0.087,20970,0.095,0.033,30.5,tests performed,47.69,220892331,255.573,23.5,4.495,2.78,5034.708,4,423.031,8.35,2.8,36.7,59.607,0.6,67.27,0.562
PAK,Asia,Pakistan,14/08/2020,287300,626,665,6153,14,14.429,1300.634,2.834,3.011,27.855,0.063,0.065,0.84,,,,,,,,,2229409,23745,10.093,0.107,21439,0.097,0.031,32.2,tests performed,47.69,220892331,255.573,23.5,4.495,2.78,5034.708,4,423.031,8.35,2.8,36.7,59.607,0.6,67.27,0.562
PAK,Asia,Pakistan,15/08/2020,288047,747,651.429,6162,9,13.429,1304.015,3.382,2.949,27.896,0.041,0.061,0.85,,,,,,,,,2253131,23722,10.2,0.107,21347,0.097,0.031,32.8,tests performed,47.69,220892331,255.573,23.5,4.495,2.78,5034.708,4,423.031,8.35,2.8,36.7,59.607,0.6,67.27,0.562
PAK,Asia,Pakistan,16/08/2020,289215,1168,727.714,6175,13,13.286,1309.303,5.288,3.294,27.955,0.059,0.06,0.85,,,,,,,,,2277153,24022,10.309,0.109,21438,0.097,0.034,29.5,tests performed,47.69,220892331,255.573,23.5,4.495,2.78,5034.708,4,423.031,8.35,2.8,36.7,59.607,0.6,67.27,0.562
PAK,Asia,Pakistan,17/08/2020,289215,0,650.714,6175,0,11.143,1309.303,0,2.946,27.955,0,0.05,0.84,,,,,,,,,2299601,22448,10.411,0.102,21717,0.098,0.03,33.4,tests performed,47.69,220892331,255.573,23.5,4.495,2.78,5034.708,4,423.031,8.35,2.8,36.7,59.607,0.6,67.27,0.562
PAK,Asia,Pakistan,18/08/2020,289832,617,663,6190,15,11.143,1312.096,2.793,3.001,28.023,0.068,0.05,0.85,,,,,,,,,2317213,17612,10.49,0.08,21629,0.098,0.031,32.6,tests performed,47.69,220892331,255.573,23.5,4.495,2.78,5034.708,4,423.031,8.35,2.8,36.7,59.607,0.6,67.27,0.562
PAK,Asia,Pakistan,19/08/2020,290445,613,646.286,6201,11,10.286,1314.871,2.775,2.926,28.073,0.05,0.047,0.85,,,,,,,,,2340072,22859,10.594,0.103,21947,0.099,0.029,34,tests performed,47.69,220892331,255.573,23.5,4.495,2.78,5034.708,4,423.031,8.35,2.8,36.7,59.607,0.6,67.27,0.562
PAK,Asia,Pakistan,20/08/2020,290958,513,612,6209,8,10,1317.194,2.322,2.771,28.109,0.036,0.045,0.86,,,,,,,,,2363752,23680,10.701,0.107,22584,0.102,0.027,36.9,tests performed,47.69,220892331,255.573,23.5,4.495,2.78,5034.708,4,423.031,8.35,2.8,36.7,59.607,0.6,67.27,0.562
PAK,Asia,Pakistan,21/08/2020,291588,630,612.571,6219,10,9.429,1320.046,2.852,2.773,28.154,0.045,0.043,0.86,,,,,,,,,2389365,25613,10.817,0.116,22851,0.103,0.027,37.3,tests performed,47.69,220892331,255.573,23.5,4.495,2.78,5034.708,4,423.031,8.35,2.8,36.7,59.607,0.6,67.27,0.562
PAK,Asia,Pakistan,22/08/2020,292174,586,589.571,6231,12,9.857,1322.699,2.653,2.669,28.208,0.054,0.045,0.87,,,,,,,,,2414902,25537,10.932,0.116,23110,0.105,0.026,39.2,tests performed,47.69,220892331,255.573,23.5,4.495,2.78,5034.708,4,423.031,8.35,2.8,36.7,59.607,0.6,67.27,0.562
PAK,Asia,Pakistan,23/08/2020,293261,1087,578,6244,13,9.857,1327.62,4.921,2.617,28.267,0.059,0.045,0.87,,,,,,,,,2439858,24956,11.045,0.113,23244,0.105,0.025,40.2,tests performed,47.69,220892331,255.573,23.5,4.495,2.78,5034.708,4,423.031,8.35,2.8,36.7,59.607,0.6,67.27,0.562
PAK,Asia,Pakistan,24/08/2020,293261,0,578,6244,0,9.857,1327.62,0,2.617,28.267,0,0.045,0.85,,,,,,,,,2463513,23655,11.153,0.107,23416,0.106,0.025,40.5,tests performed,47.69,220892331,255.573,23.5,4.495,2.78,5034.708,4,423.031,8.35,2.8,36.7,59.607,0.6,67.27,0.562
PAK,Asia,Pakistan,25/08/2020,293711,450,554.143,6255,11,9.286,1329.657,2.037,2.509,28.317,0.05,0.042,0.86,,,,,,,,,2487744,24231,11.262,0.11,24362,0.11,0.023,44,tests performed,47.69,220892331,255.573,23.5,4.495,2.78,5034.708,4,423.031,8.35,2.8,36.7,59.607,0.6,67.27,0.562
PAK,Asia,Pakistan,26/08/2020,294193,482,535.429,6267,12,9.429,1331.839,2.182,2.424,28.371,0.054,0.043,0.86,,,,,,,,,2512337,24593,11.374,0.111,24609,0.111,0.022,46,tests performed,47.69,220892331,255.573,23.5,4.495,2.78,5034.708,4,423.031,8.35,2.8,36.7,59.607,0.6,67.27,0.562
PAK,Asia,Pakistan,27/08/2020,294638,445,525.714,6274,7,9.286,1333.853,2.015,2.38,28.403,0.032,0.042,0.86,,,,,,,,,2535778,23441,11.48,0.106,24575,0.111,0.021,46.7,tests performed,47.69,220892331,255.573,23.5,4.495,2.78,5034.708,4,423.031,8.35,2.8,36.7,59.607,0.6,67.27,0.562
PAK,Asia,Pakistan,28/08/2020,295053,415,495,6283,9,9.143,1335.732,1.879,2.241,28.444,0.041,0.041,0.87,,,,,,,,,2559261,23483,11.586,0.106,24271,0.11,0.02,49,tests performed,47.69,220892331,255.573,23.5,4.495,2.78,5034.708,4,423.031,8.35,2.8,36.7,59.607,0.6,67.27,0.562
PAK,Asia,Pakistan,29/08/2020,295372,319,456.857,6284,1,7.571,1337.176,1.444,2.068,28.448,0.005,0.034,0.87,,,,,,,,,2581695,22434,11.688,0.102,23828,0.108,0.019,52.2,tests performed,47.69,220892331,255.573,23.5,4.495,2.78,5034.708,4,423.031,8.35,2.8,36.7,59.607,0.6,67.27,0.562
PAK,Asia,Pakistan,30/08/2020,295636,264,339.286,6288,4,6.286,1338.371,1.195,1.536,28.466,0.018,0.028,0.88,,,,,,,,,2603129,21434,11.785,0.097,23324,0.106,0.015,68.7,tests performed,47.69,220892331,255.573,23.5,4.495,2.78,5034.708,4,423.031,8.35,2.8,36.7,59.607,0.6,67.27,0.562
PAK,Asia,Pakistan,31/08/2020,295849,213,369.714,6294,6,7.143,1339.336,0.964,1.674,28.494,0.027,0.032,0.9,,,,,,,,,2621146,18017,11.866,0.082,22519,0.102,0.016,60.9,tests performed,47.69,220892331,255.573,23.5,4.495,2.78,5034.708,4,423.031,8.35,2.8,36.7,59.607,0.6,67.27,0.562
PAK,Asia,Pakistan,01/09/2020,296149,300,348.286,6298,4,6.143,1340.694,1.358,1.577,28.512,0.018,0.028,0.93,,,,,,,,,2642068,20922,11.961,0.095,22046,0.1,0.016,63.3,tests performed,47.69,220892331,255.573,23.5,4.495,2.78,5034.708,4,423.031,8.35,2.8,36.7,59.607,0.6,67.27,0.562
PAK,Asia,Pakistan,02/09/2020,297014,865,403,6328,30,8.714,1344.61,3.916,1.824,28.647,0.136,0.039,0.95,,,,,,,,,2662508,20440,12.053,0.093,21453,0.097,0.019,53.2,tests performed,47.69,220892331,255.573,23.5,4.495,2.78,5034.708,4,423.031,8.35,2.8,36.7,59.607,0.6,67.27,0.562
PAK,Asia,Pakistan,03/09/2020,297512,498,410.571,6335,7,8.714,1346.864,2.254,1.859,28.679,0.032,0.039,0.96,,,,,,,,,2684252,21744,12.152,0.098,21211,0.096,0.019,51.7,tests performed,47.69,220892331,255.573,23.5,4.495,2.78,5034.708,4,423.031,8.35,2.8,36.7,59.607,0.6,67.27,0.562
PAK,Asia,Pakistan,04/09/2020,298025,513,424.571,6340,5,8.143,1349.187,2.322,1.922,28.702,0.023,0.037,0.97,,,,,,,,,2707470,23218,12.257,0.105,21173,0.096,0.02,49.9,tests performed,47.69,220892331,255.573,23.5,4.495,2.78,5034.708,4,423.031,8.35,2.8,36.7,59.607,0.6,67.27,0.562
PAK,Asia,Pakistan,05/09/2020,298025,0,379,6340,0,8,1349.187,0,1.716,28.702,0,0.036,0.97,,,,,,,,,2732325,24855,12.369,0.113,21519,0.097,0.018,56.8,tests performed,47.69,220892331,255.573,23.5,4.495,2.78,5034.708,4,423.031,8.35,2.8,36.7,59.607,0.6,67.27,0.562
PAK,Asia,Pakistan,06/09/2020,298903,878,466.714,6345,5,8.143,1353.162,3.975,2.113,28.724,0.023,0.037,1,,,,,,,,,2757709,25384,12.484,0.115,22083,0.1,0.021,47.3,tests performed,47.69,220892331,255.573,23.5,4.495,2.78,5034.708,4,423.031,8.35,2.8,36.7,59.607,0.6,67.27,0.562
PAK,Asia,Pakistan,07/09/2020,299233,330,483.429,6350,5,8,1354.655,1.494,2.189,28.747,0.023,0.036,1,,,,,,,,,2778689,20980,12.579,0.095,22506,0.102,0.021,46.6,tests performed,47.69,220892331,255.573,23.5,4.495,2.78,5034.708,4,423.031,8.35,2.8,36.7,59.607,0.6,67.27,0.562
PAK,Asia,Pakistan,08/09/2020,299659,426,501.429,6359,9,8.714,1356.584,1.929,2.27,28.788,0.041,0.039,1,,,,,,,,,2802210,23521,12.686,0.106,22877,0.104,0.022,45.6,tests performed,47.69,220892331,255.573,23.5,4.495,2.78,5034.708,4,423.031,8.35,2.8,36.7,59.607,0.6,67.27,0.562
PAK,Asia,Pakistan,09/09/2020,300030,371,430.857,6365,6,5.286,1358.264,1.68,1.951,28.815,0.027,0.024,1.01,,,,,,,,,2825040,22830,12.789,0.103,23219,0.105,0.019,53.9,tests performed,47.69,220892331,255.573,23.5,4.495,2.78,5034.708,4,423.031,8.35,2.8,36.7,59.607,0.6,67.27,0.562
PAK,Asia,Pakistan,10/09/2020,300371,341,408.429,6370,5,5,1359.807,1.544,1.849,28.838,0.023,0.023,1.03,,,,,,,,,2850121,25081,12.903,0.114,23696,0.107,0.017,58,tests performed,47.69,220892331,255.573,23.5,4.495,2.78,5034.708,4,423.031,8.35,2.8,36.7,59.607,0.6,67.27,0.562
PAK,Asia,Pakistan,11/09/2020,300955,584,418.571,6373,3,4.714,1362.451,2.644,1.895,28.851,0.014,0.021,1.04,,,,,,,,,2879655,29534,13.036,0.134,24598,0.111,0.017,58.8,tests performed,47.69,220892331,255.573,23.5,4.495,2.78,5034.708,4,423.031,8.35,2.8,36.7,59.607,0.6,67.27,0.562
PAK,Asia,Pakistan,12/09/2020,301481,526,493.714,6379,6,5.571,1364.832,2.381,2.235,28.878,0.027,0.025,1.05,,,,,,,,,2908379,28724,13.167,0.13,25151,0.114,0.02,50.9,tests performed,47.69,220892331,255.573,23.5,4.495,2.78,5034.708,4,423.031,8.35,2.8,36.7,59.607,0.6,67.27,0.562
PAK,Asia,Pakistan,13/09/2020,302020,539,445.286,6383,4,5.429,1367.272,2.44,2.016,28.896,0.018,0.025,1.07,,,,,,,,,2939790,31411,13.309,0.142,26012,0.118,0.017,58.4,tests performed,47.69,220892331,255.573,23.5,4.495,2.78,5034.708,4,423.031,8.35,2.8,36.7,59.607,0.6,67.27,0.562
PAK,Asia,Pakistan,14/09/2020,302424,404,455.857,6389,6,5.571,1369.101,1.829,2.064,28.924,0.027,0.025,1.07,,,,,,,,,2968613,28823,13.439,0.13,27132,0.123,0.017,59.5,tests performed,47.69,220892331,255.573,23.5,4.495,2.78,5034.708,4,423.031,8.35,2.8,36.7,59.607,0.6,67.27,0.562
PAK,Asia,Pakistan,15/09/2020,303089,665,490,6393,4,4.857,1372.112,3.011,2.218,28.942,0.018,0.022,1.08,,,,,,,,,2995890,27277,13.563,0.123,27669,0.125,0.018,56.5,tests performed,43.98,220892331,255.573,23.5,4.495,2.78,5034.708,4,423.031,8.35,2.8,36.7,59.607,0.6,67.27,0.562
PAK,Asia,Pakistan,16/09/2020,303634,545,514.857,6399,6,4.857,1374.579,2.467,2.331,28.969,0.027,0.022,1.09,,,,,,,,,3024987,29097,13.694,0.132,28564,0.129,0.018,55.5,tests performed,43.98,220892331,255.573,23.5,4.495,2.78,5034.708,4,423.031,8.35,2.8,36.7,59.607,0.6,67.27,0.562
PAK,Asia,Pakistan,17/09/2020,304386,752,573.571,6408,9,5.429,1377.984,3.404,2.597,29.01,0.041,0.025,1.1,,,,,,,,,3056795,31808,13.838,0.144,29525,0.134,0.019,51.5,tests performed,41.2,220892331,255.573,23.5,4.495,2.78,5034.708,4,423.031,8.35,2.8,36.7,59.607,0.6,67.27,0.562
PAK,Asia,Pakistan,18/09/2020,305031,645,582.286,6415,7,6,1380.904,2.92,2.636,29.041,0.032,0.027,1.1,,,,,,,,,3090660,33865,13.992,0.153,30144,0.136,0.019,51.8,tests performed,41.2,220892331,255.573,23.5,4.495,2.78,5034.708,4,423.031,8.35,2.8,36.7,59.607,0.6,67.27,0.562
PAK,Asia,Pakistan,19/09/2020,305671,640,598.571,6416,1,5.286,1383.801,2.897,2.71,29.046,0.005,0.024,1.09,,,,,,,,,3126380,35720,14.153,0.162,31143,0.141,0.019,52,tests performed,41.2,220892331,255.573,23.5,4.495,2.78,5034.708,4,423.031,8.35,2.8,36.7,59.607,0.6,67.27,0.562
PAK,Asia,Pakistan,20/09/2020,306304,633,612,6420,4,5.286,1386.667,2.866,2.771,29.064,0.018,0.024,1.09,,,,,,,,,3160924,34544,14.31,0.156,31591,0.143,0.019,51.6,tests performed,41.2,220892331,255.573,23.5,4.495,2.78,5034.708,4,423.031,8.35,2.8,36.7,59.607,0.6,67.27,0.562
PAK,Asia,Pakistan,21/09/2020,306886,582,637.429,6424,4,5,1389.301,2.635,2.886,29.082,0.018,0.023,1.09,,,,,,,,,3194317,33393,14.461,0.151,32243,0.146,0.02,50.6,tests performed,41.2,220892331,255.573,23.5,4.495,2.78,5034.708,4,423.031,8.35,2.8,36.7,59.607,0.6,67.27,0.562
PAK,Asia,Pakistan,22/09/2020,307418,532,618.429,6432,8,5.571,1391.71,2.408,2.8,29.118,0.036,0.025,1.08,,,,,,,,,3230472,36155,14.625,0.164,33512,0.152,0.018,54.2,tests performed,41.2,220892331,255.573,23.5,4.495,2.78,5034.708,4,423.031,8.35,2.8,36.7,59.607,0.6,67.27,0.562
PAK,Asia,Pakistan,23/09/2020,308217,799,654.714,6437,5,5.429,1395.327,3.617,2.964,29.141,0.023,0.025,1.08,,,,,,,,,3264216,33744,14.777,0.153,34176,0.155,0.019,52.2,tests performed,41.2,220892331,255.573,23.5,4.495,2.78,5034.708,4,423.031,8.35,2.8,36.7,59.607,0.6,67.27,0.562
PAK,Asia,Pakistan,24/09/2020,309015,798,661.286,6444,7,5.143,1398.939,3.613,2.994,29.173,0.032,0.023,1.08,,,,,,,,,3306515,42299,14.969,0.191,35674,0.161,0.019,53.9,tests performed,41.2,220892331,255.573,23.5,4.495,2.78,5034.708,4,423.031,8.35,2.8,36.7,59.607,0.6,67.27,0.562
PAK,Asia,Pakistan,25/09/2020,309581,566,650,6451,7,5.143,1401.502,2.562,2.943,29.204,0.032,0.023,1.07,,,,,,,,,3344019,37504,15.139,0.17,36194,0.164,0.018,55.7,tests performed,41.2,220892331,255.573,23.5,4.495,2.78,5034.708,4,423.031,8.35,2.8,36.7,59.607,0.6,67.27,0.562
PAK,Asia,Pakistan,26/09/2020,310275,694,657.714,6457,6,5.857,1404.644,3.142,2.978,29.231,0.027,0.027,1.06,,,,,,,,,3384186,40167,15.321,0.182,36829,0.167,0.018,56,tests performed,41.2,220892331,255.573,23.5,4.495,2.78,5034.708,4,423.031,8.35,2.8,36.7,59.607,0.6,67.27,0.562
PAK,Asia,Pakistan,27/09/2020,310841,566,648.143,6466,9,6.571,1407.206,2.562,2.934,29.272,0.041,0.03,1.06,,,,,,,,,3420654,36468,15.486,0.165,37104,0.168,0.017,57.2,tests performed,41.2,220892331,255.573,23.5,4.495,2.78,5034.708,4,423.031,8.35,2.8,36.7,59.607,0.6,67.27,0.562
PAK,Asia,Pakistan,28/09/2020,311516,675,661.429,6474,8,7.143,1410.262,3.056,2.994,29.308,0.036,0.032,1.05,,,,,,,,,3449541,28887,15.616,0.131,36461,0.165,0.018,55.1,tests performed,41.2,220892331,255.573,23.5,4.495,2.78,5034.708,4,423.031,8.35,2.8,36.7,59.607,0.6,67.27,0.562
PAK,Asia,Pakistan,29/09/2020,312263,747,692.143,6479,5,6.714,1413.643,3.382,3.133,29.331,0.023,0.03,1.05,,,,,,,,,3482206,32665,15.764,0.148,35962,0.163,0.019,52,tests performed,41.2,220892331,255.573,23.5,4.495,2.78,5034.708,4,423.031,8.35,2.8,36.7,59.607,0.6,67.27,0.562
PAK,Asia,Pakistan,30/09/2020,312806,543,655.571,6484,5,6.714,1416.102,2.458,2.968,29.354,0.023,0.03,1.04,,,,,,,,,3514237,32031,15.909,0.145,35717,0.162,0.018,54.5,tests performed,39.35,220892331,255.573,23.5,4.495,2.78,5034.708,4,423.031,8.35,2.8,36.7,59.607,0.6,67.27,0.562
PAK,Asia,Pakistan,01/10/2020,313431,625,630.857,6499,15,7.857,1418.931,2.829,2.856,29.422,0.068,0.036,1.03,,,,,,,,,3548476,34239,16.064,0.155,34566,0.156,0.018,54.8,tests performed,67.13,220892331,255.573,23.5,4.495,2.78,5034.708,4,423.031,8.35,2.8,36.7,59.607,0.6,67.27,0.562
PAK,Asia,Pakistan,02/10/2020,313984,553,629,6507,8,8,1421.435,2.503,2.848,29.458,0.036,0.036,1.03,,,,,,,,,3580173,31697,16.208,0.143,33736,0.153,0.019,53.6,tests performed,67.13,220892331,255.573,23.5,4.495,2.78,5034.708,4,423.031,8.35,2.8,36.7,59.607,0.6,67.27,0.562
PAK,Asia,Pakistan,03/10/2020,314616,632,620.143,6513,6,8,1424.296,2.861,2.807,29.485,0.027,0.036,1.03,,,,,,,,,3615244,35071,16.367,0.159,33008,0.149,0.019,53.2,tests performed,67.13,220892331,255.573,23.5,4.495,2.78,5034.708,4,423.031,8.35,2.8,36.7,59.607,0.6,67.27,0.562
PAK,Asia,Pakistan,04/10/2020,314616,0,539.286,6513,0,6.714,1424.296,0,2.441,29.485,0,0.03,1.03,,,,,,,,,3644762,29518,16.5,0.134,32015,0.145,0.017,59.4,tests performed,67.13,220892331,255.573,23.5,4.495,2.78,5034.708,4,423.031,8.35,2.8,36.7,59.607,0.6,67.27,0.562
PAK,Asia,Pakistan,05/10/2020,315727,1111,601.571,6523,10,7,1429.325,5.03,2.723,29.53,0.045,0.032,1.05,,,,,,,,,3678534,33772,16.653,0.153,32713,0.148,0.018,54.4,tests performed,67.13,220892331,255.573,23.5,4.495,2.78,5034.708,4,423.031,8.35,2.8,36.7,59.607,0.6,67.27,0.562
PAK,Asia,Pakistan,06/10/2020,316351,624,584,6535,12,8,1432.15,2.825,2.644,29.585,0.054,0.036,1.04,,,,,,,,,3702607,24073,16.762,0.109,31486,0.143,0.019,53.9,tests performed,67.13,220892331,255.573,23.5,4.495,2.78,5034.708,4,423.031,8.35,2.8,36.7,59.607,0.6,67.27,0.562
PAK,Asia,Pakistan,07/10/2020,316934,583,589.714,6544,9,8.571,1434.79,2.639,2.67,29.625,0.041,0.039,1.04,,,,,,,,,3730221,27614,16.887,0.125,30855,0.14,0.019,52.3,tests performed,67.13,220892331,255.573,23.5,4.495,2.78,5034.708,4,423.031,8.35,2.8,36.7,59.607,0.6,67.27,0.562
PAK,Asia,Pakistan,08/10/2020,317595,661,594.857,6552,8,7.571,1437.782,2.992,2.693,29.662,0.036,0.034,1.04,,,,,,,,,3761389,31168,17.028,0.141,30416,0.138,0.02,51.1,tests performed,67.13,220892331,255.573,23.5,4.495,2.78,5034.708,4,423.031,8.35,2.8,36.7,59.607,0.6,67.27,0.562
PAK,Asia,Pakistan,09/10/2020,318266,671,611.714,6558,6,7.286,1440.82,3.038,2.769,29.689,0.027,0.033,1.04,,,,,,,,,3795287,33898,17.182,0.153,30731,0.139,0.02,50.2,tests performed,67.13,220892331,255.573,23.5,4.495,2.78,5034.708,4,423.031,8.35,2.8,36.7,59.607,0.6,67.27,0.562
PAK,Asia,Pakistan,10/10/2020,318932,666,616.571,6570,12,8.143,1443.835,3.015,2.791,29.743,0.054,0.037,1.04,,,,,,,,,3828952,33665,17.334,0.152,30530,0.138,0.02,49.5,tests performed,67.13,220892331,255.573,23.5,4.495,2.78,5034.708,4,423.031,8.35,2.8,36.7,59.607,0.6,67.27,0.562
PAK,Asia,Pakistan,11/10/2020,319317,385,671.571,6580,10,9.571,1445.578,1.743,3.04,29.788,0.045,0.043,1.04,,,,,,,,,3857845,28893,17.465,0.131,30440,0.138,0.022,45.3,tests performed,67.13,220892331,255.573,23.5,4.495,2.78,5034.708,4,423.031,8.35,2.8,36.7,59.607,0.6,67.27,0.562
PAK,Asia,Pakistan,12/10/2020,319848,531,588.714,6588,8,9.286,1447.981,2.404,2.665,29.824,0.036,0.042,1.05,,,,,,,,,3884796,26951,17.587,0.122,29466,0.133,0.02,50.1,tests performed,67.13,220892331,255.573,23.5,4.495,2.78,5034.708,4,423.031,8.35,2.8,36.7,59.607,0.6,67.27,0.562
PAK,Asia,Pakistan,13/10/2020,320463,615,587.429,6601,13,9.429,1450.766,2.784,2.659,29.883,0.059,0.043,1.05,,,,,,,,,3914818,30022,17.723,0.136,30316,0.137,0.019,51.6,tests performed,67.13,220892331,255.573,23.5,4.495,2.78,5034.708,4,423.031,8.35,2.8,36.7,59.607,0.6,67.27,0.562
PAK,Asia,Pakistan,14/10/2020,321218,755,612,6614,13,10,1454.184,3.418,2.771,29.942,0.059,0.045,1.06,,,,,,,,,3943734,28916,17.854,0.131,30502,0.138,0.02,49.8,tests performed,67.13,220892331,255.573,23.5,4.495,2.78,5034.708,4,423.031,8.35,2.8,36.7,59.607,0.6,67.27,0.562
PAK,Asia,Pakistan,15/10/2020,321877,659,611.714,6621,7,9.857,1457.167,2.983,2.769,29.974,0.032,0.045,1.07,,,,,,,,,3975596,31862,17.998,0.144,30601,0.139,0.02,50,tests performed,67.13,220892331,255.573,23.5,4.495,2.78,5034.708,4,423.031,8.35,2.8,36.7,59.607,0.6,67.27,0.562
PAK,Asia,Pakistan,16/10/2020,322452,575,598,6638,17,11.429,1459.77,2.603,2.707,30.051,0.077,0.052,1.07,,,,,,,,,4009497,33901,18.151,0.153,30601,0.139,0.02,51.2,tests performed,53.24,220892331,255.573,23.5,4.495,2.78,5034.708,4,423.031,8.35,2.8,36.7,59.607,0.6,67.27,0.562
PAK,Asia,Pakistan,17/10/2020,323019,567,583.857,6654,16,12,1462.337,2.567,2.643,30.123,0.072,0.054,1.08,,,,,,,,,4041962,32465,18.298,0.147,30430,0.138,0.019,52.1,tests performed,53.24,220892331,255.573,23.5,4.495,2.78,5034.708,4,423.031,8.35,2.8,36.7,59.607,0.6,67.27,0.562
PAK,Asia,Pakistan,18/10/2020,323452,433,590.714,6659,5,11.286,1464.297,1.96,2.674,30.146,0.023,0.051,1.09,,,,,,,,,4074024,32062,18.443,0.145,30883,0.14,0.019,52.3,tests performed,53.24,220892331,255.573,23.5,4.495,2.78,5034.708,4,423.031,8.35,2.8,36.7,59.607,0.6,67.27,0.562
PAK,Asia,Pakistan,19/10/2020,324034,582,598,6673,14,12.143,1466.932,2.635,2.707,30.209,0.063,0.055,1.1,,,,,,,,,4101115,27091,18.566,0.123,30903,0.14,0.019,51.7,tests performed,53.24,220892331,255.573,23.5,4.495,2.78,5034.708,4,423.031,8.35,2.8,36.7,59.607,0.6,67.27,0.562
PAK,Asia,Pakistan,20/10/2020,324744,710,611.571,6692,19,13,1470.146,3.214,2.769,30.295,0.086,0.059,1.12,,,,,,,,,4122069,20954,18.661,0.095,29607,0.134,0.021,48.4,tests performed,53.24,220892331,255.573,23.5,4.495,2.78,5034.708,4,423.031,8.35,2.8,36.7,59.607,0.6,67.27,0.562
PAK,Asia,Pakistan,21/10/2020,325480,736,608.857,6702,10,12.571,1473.478,3.332,2.756,30.341,0.045,0.057,1.13,,,,,,,,,4148739,26670,18.782,0.121,29286,0.133,0.021,48.1,tests performed,53.24,220892331,255.573,23.5,4.495,2.78,5034.708,4,423.031,8.35,2.8,36.7,59.607,0.6,67.27,0.562
PAK,Asia,Pakistan,22/10/2020,326216,736,619.857,6715,13,13.429,1476.81,3.332,2.806,30.399,0.059,0.061,1.15,,,,,,,,,4177270,28531,18.911,0.129,28811,0.13,0.022,46.5,tests performed,53.24,220892331,255.573,23.5,4.495,2.78,5034.708,4,423.031,8.35,2.8,36.7,59.607,0.6,67.27,0.562
PAK,Asia,Pakistan,23/10/2020,327063,847,658.714,6727,12,12.714,1480.644,3.834,2.982,30.454,0.054,0.058,1.16,,,,,,,,,4204320,27050,19.033,0.122,27832,0.126,0.024,42.3,tests performed,53.24,220892331,255.573,23.5,4.495,2.78,5034.708,4,423.031,8.35,2.8,36.7,59.607,0.6,67.27,0.562
PAK,Asia,Pakistan,24/10/2020,327895,832,696.571,6736,9,11.714,1484.411,3.767,3.153,30.494,0.041,0.053,1.17,,,,,,,,,4235329,31009,19.174,0.14,27624,0.125,0.025,39.7,tests performed,53.24,220892331,255.573,23.5,4.495,2.78,5034.708,4,423.031,8.35,2.8,36.7,59.607,0.6,67.27,0.562
PAK,Asia,Pakistan,25/10/2020,328602,707,735.714,6739,3,11.429,1487.612,3.201,3.331,30.508,0.014,0.052,1.18,,,,,,,,,4264053,28724,19.304,0.13,27147,0.123,0.027,36.9,tests performed,53.24,220892331,255.573,23.5,4.495,2.78,5034.708,4,423.031,8.35,2.8,36.7,59.607,0.6,67.27,0.562
PAK,Asia,Pakistan,26/10/2020,329375,773,763,6745,6,10.286,1491.111,3.499,3.454,30.535,0.027,0.047,1.19,,,,,,,,,4290545,26492,19.424,0.12,27061,0.123,0.028,35.5,tests performed,53.24,220892331,255.573,23.5,4.495,2.78,5034.708,4,423.031,8.35,2.8,36.7,59.607,0.6,67.27,0.562
PAK,Asia,Pakistan,27/10/2020,330200,825,779.429,6759,14,9.571,1494.846,3.735,3.529,30.599,0.063,0.043,1.2,,,,,,,,,4317678,27133,19.547,0.123,27944,0.127,0.028,35.9,tests performed,53.24,220892331,255.573,23.5,4.495,2.78,5034.708,4,423.031,8.35,2.8,36.7,59.607,0.6,67.27,0.562
PAK,Asia,Pakistan,28/10/2020,331108,908,804,6775,16,10.429,1498.957,4.111,3.64,30.671,0.072,0.047,1.21,,,,,,,,,4347155,29477,19.68,0.133,28345,0.128,0.028,35.3,tests performed,53.24,220892331,255.573,23.5,4.495,2.78,5034.708,4,423.031,8.35,2.8,36.7,59.607,0.6,67.27,0.562
PAK,Asia,Pakistan,29/10/2020,332186,1078,852.857,6795,20,11.429,1503.837,4.88,3.861,30.762,0.091,0.052,1.23,,,,,,,,,4376604,29449,19.813,0.133,28476,0.129,0.03,33.4,tests performed,53.24,220892331,255.573,23.5,4.495,2.78,5034.708,4,423.031,8.35,2.8,36.7,59.607,0.6,67.27,0.562
PAK,Asia,Pakistan,30/10/2020,332993,807,847.143,6806,11,11.286,1507.49,3.653,3.835,30.811,0.05,0.051,1.23,,,,,,,,,4409537,32933,19.962,0.149,29317,0.133,0.029,34.6,tests performed,53.24,220892331,255.573,23.5,4.495,2.78,5034.708,4,423.031,8.35,2.8,36.7,59.607,0.6,67.27,0.562
PAK,Asia,Pakistan,31/10/2020,333970,977,867.857,6823,17,12.429,1511.913,4.423,3.929,30.888,0.077,0.056,1.25,,,,,,,,,4431225,21688,20.061,0.098,27985,0.127,0.031,32.2,tests performed,53.24,220892331,255.573,23.5,4.495,2.78,5034.708,4,423.031,8.35,2.8,36.7,59.607,0.6,67.27,0.562
PAK,Asia,Pakistan,01/11/2020,335093,1123,927.286,6835,12,13.714,1516.997,5.084,4.198,30.943,0.054,0.062,1.26,,,,,,,,,4458890,27665,20.186,0.125,27834,0.126,0.033,30,tests performed,53.24,220892331,255.573,23.5,4.495,2.78,5034.708,4,423.031,8.35,2.8,36.7,59.607,0.6,67.27,0.562
PAK,Asia,Pakistan,02/11/2020,336260,1167,983.571,6849,14,14.857,1522.28,5.283,4.453,31.006,0.063,0.067,1.27,,,,,,,,,4486843,27953,20.312,0.127,28043,0.127,0.035,28.5,tests performed,53.24,220892331,255.573,23.5,4.495,2.78,5034.708,4,423.031,8.35,2.8,36.7,59.607,0.6,67.27,0.562
PAK,Asia,Pakistan,03/11/2020,337573,1313,1053.286,6867,18,15.429,1528.224,5.944,4.768,31.088,0.081,0.07,1.28,,,,,,,,,4514827,27984,20.439,0.127,28164,0.128,0.037,26.7,tests performed,53.24,220892331,255.573,23.5,4.495,2.78,5034.708,4,423.031,8.35,2.8,36.7,59.607,0.6,67.27,0.562
PAK,Asia,Pakistan,04/11/2020,338875,1302,1109.571,6893,26,16.857,1534.118,5.894,5.023,31.205,0.118,0.076,1.29,,,,,,,,,4541392,26565,20.559,0.12,27748,0.126,0.04,25,tests performed,53.24,220892331,255.573,23.5,4.495,2.78,5034.708,4,423.031,8.35,2.8,36.7,59.607,0.6,67.27,0.562
PAK,Asia,Pakistan,05/11/2020,340251,1376,1152.143,6923,30,18.286,1540.348,6.229,5.216,31.341,0.136,0.083,1.29,,,,,,,,,4573768,32376,20.706,0.147,28166,0.128,0.041,24.4,tests performed,53.24,220892331,255.573,23.5,4.495,2.78,5034.708,4,423.031,8.35,2.8,36.7,59.607,0.6,67.27,0.562
PAK,Asia,Pakistan,06/11/2020,341753,1502,1251.429,6943,20,19.571,1547.147,6.8,5.665,31.432,0.091,0.089,1.3,,,,,,,,,4609513,35745,20.868,0.162,28568,0.129,0.044,22.8,tests performed,53.24,220892331,255.573,23.5,4.495,2.78,5034.708,4,423.031,8.35,2.8,36.7,59.607,0.6,67.27,0.562
PAK,Asia,Pakistan,07/11/2020,343189,1436,1317,6968,25,20.714,1553.648,6.501,5.962,31.545,0.113,0.094,1.3,,,,,,,,,4643913,34400,21.023,0.156,30384,0.138,0.043,23.1,tests performed,53.24,220892331,255.573,23.5,4.495,2.78,5034.708,4,423.031,8.35,2.8,36.7,59.607,0.6,67.27,0.562
PAK,Asia,Pakistan,08/11/2020,344839,1650,1392.286,6977,9,20.286,1561.118,7.47,6.303,31.586,0.041,0.092,1.3,,,,,,,,,4676263,32350,21.17,0.146,31053,0.141,0.045,22.3,tests performed,53.24,220892331,255.573,23.5,4.495,2.78,5034.708,4,423.031,8.35,2.8,36.7,59.607,0.6,67.27,0.562
PAK,Asia,Pakistan,09/11/2020,346476,1637,1459.429,7000,23,21.571,1568.529,7.411,6.607,31.69,0.104,0.098,1.31,,,,,,,,,4709603,33340,21.321,0.151,31823,0.144,0.046,21.8,tests performed,47.69,220892331,255.573,23.5,4.495,2.78,5034.708,4,423.031,8.35,2.8,36.7,59.607,0.6,67.27,0.562
PAK,Asia,Pakistan,10/11/2020,348184,1708,1515.857,7021,21,22,1576.261,7.732,6.862,31.785,0.095,0.1,1.31,,,,,,,,,4741507,31904,21.465,0.144,32383,0.147,0.047,21.4,tests performed,47.69,220892331,255.573,23.5,4.495,2.78,5034.708,4,423.031,8.35,2.8,36.7,59.607,0.6,67.27,0.562
PAK,Asia,Pakistan,11/11/2020,349992,1808,1588.143,7055,34,23.143,1584.446,8.185,7.19,31.939,0.154,0.105,1.31,,,,,,,,,4773496,31989,21.61,0.145,33158,0.15,0.048,20.9,tests performed,47.69,220892331,255.573,23.5,4.495,2.78,5034.708,4,423.031,8.35,2.8,36.7,59.607,0.6,67.27,0.562
PAK,Asia,Pakistan,12/11/2020,352296,2304,1720.714,7092,37,24.143,1594.877,10.43,7.79,32.106,0.168,0.109,1.32,,,,,,,,,4810182,36686,21.776,0.166,33773,0.153,0.051,19.6,tests performed,47.69,220892331,255.573,23.5,4.495,2.78,5034.708,4,423.031,8.35,2.8,36.7,59.607,0.6,67.27,0.562
PAK,Asia,Pakistan,13/11/2020,354461,2165,1815.429,7109,17,23.714,1604.678,9.801,8.219,32.183,0.077,0.107,1.31,,,,,,,,,4847105,36923,21.943,0.167,33942,0.154,0.053,18.7,tests performed,47.69,220892331,255.573,23.5,4.495,2.78,5034.708,4,423.031,8.35,2.8,36.7,59.607,0.6,67.27,0.562
PAK,Asia,Pakistan,14/11/2020,356904,2443,1959.286,7141,32,24.714,1615.737,11.06,8.87,32.328,0.145,0.112,1.31,,,,,,,,,4881640,34535,22.1,0.156,33961,0.154,0.058,17.3,tests performed,47.69,220892331,255.573,23.5,4.495,2.78,5034.708,4,423.031,8.35,2.8,36.7,59.607,0.6,67.27,0.562
PAK,Asia,Pakistan,15/11/2020,359032,2128,2027.571,7160,19,26.143,1625.371,9.634,9.179,32.414,0.086,0.118,1.3,,,,,,,,,4921050,39410,22.278,0.178,34970,0.158,0.058,17.2,tests performed,47.69,220892331,255.573,23.5,4.495,2.78,5034.708,4,423.031,8.35,2.8,36.7,59.607,0.6,67.27,0.562
PAK,Asia,Pakistan,16/11/2020,361082,2050,2086.571,7193,33,27.571,1634.652,9.281,9.446,32.563,0.149,0.125,1.29,,,,,,,,,4950561,29511,22.412,0.134,34423,0.156,0.061,16.5,tests performed,47.69,220892331,255.573,23.5,4.495,2.78,5034.708,4,423.031,8.35,2.8,36.7,59.607,0.6,67.27,0.562
PAK,Asia,Pakistan,17/11/2020,363380,2298,2170.857,7230,37,29.857,1645.055,10.403,9.828,32.731,0.168,0.135,1.29,,,,,,,,,4979939,29378,22.545,0.133,34062,0.154,0.064,15.7,tests performed,47.69,220892331,255.573,23.5,4.495,2.78,5034.708,4,423.031,8.35,2.8,36.7,59.607,0.6,67.27,0.562
PAK,Asia,Pakistan,18/11/2020,365927,2547,2276.429,7248,18,27.571,1656.585,11.531,10.306,32.812,0.081,0.125,1.29,,,,,,,,,5018483,38544,22.719,0.174,34998,0.158,0.065,15.4,tests performed,47.69,220892331,255.573,23.5,4.495,2.78,5034.708,4,423.031,8.35,2.8,36.7,59.607,0.6,67.27,0.562
PAK,Asia,Pakistan,19/11/2020,368665,2738,2338.429,7561,313,67,1668.981,12.395,10.586,34.229,1.417,0.303,1.29,,,,,,,,,5055382,36899,22.886,0.167,35029,0.159,0.067,15,tests performed,47.69,220892331,255.573,23.5,4.495,2.78,5034.708,4,423.031,8.35,2.8,36.7,59.607,0.6,67.27,0.562
PAK,Asia,Pakistan,20/11/2020,371508,2843,2435.286,7603,42,70.571,1681.851,12.871,11.025,34.419,0.19,0.319,1.28,,,,,,,,,5098291,42909,23.08,0.194,35884,0.162,0.068,14.7,tests performed,58.8,220892331,255.573,23.5,4.495,2.78,5034.708,4,423.031,8.35,2.8,36.7,59.607,0.6,67.27,0.562
PAK,Asia,Pakistan,21/11/2020,374173,2665,2467,7662,59,74.429,1693.916,12.065,11.168,34.687,0.267,0.337,1.28,,,,,,,,,5141403,43112,23.276,0.195,37109,0.168,0.066,15,tests performed,58.8,220892331,255.573,23.5,4.495,2.78,5034.708,4,423.031,8.35,2.8,36.7,59.607,0.6,67.27,0.562
PAK,Asia,Pakistan,22/11/2020,376929,2756,2556.714,7696,34,76.571,1706.392,12.477,11.574,34.841,0.154,0.347,1.27,,,,,,,,,5180026,38623,23.45,0.175,36997,0.167,0.069,14.5,tests performed,58.8,220892331,255.573,23.5,4.495,2.78,5034.708,4,423.031,8.35,2.8,36.7,59.607,0.6,67.27,0.562
PAK,Asia,Pakistan,23/11/2020,379883,2954,2685.857,7744,48,78.714,1719.765,13.373,12.159,35.058,0.217,0.356,1.27,,,,,,,,,5216955,36929,23.618,0.167,38056,0.172,0.071,14.2,tests performed,58.8,220892331,255.573,23.5,4.495,2.78,5034.708,4,423.031,8.35,2.8,36.7,59.607,0.6,67.27,0.562
PAK,Asia,Pakistan,24/11/2020,382892,3009,2787.429,7803,59,81.857,1733.387,13.622,12.619,35.325,0.267,0.371,1.27,,,,,,,,,5256120,39165,23.795,0.177,39454,0.179,0.071,14.2,tests performed,58.8,220892331,255.573,23.5,4.495,2.78,5034.708,4,423.031,8.35,2.8,36.7,59.607,0.6,67.27,0.562
PAK,Asia,Pakistan,25/11/2020,386198,3306,2895.857,7843,40,85,1748.354,14.967,13.11,35.506,0.181,0.385,1.26,,,,,,,,,5297703,41583,23.983,0.188,39889,0.181,0.073,13.8,tests performed,58.8,220892331,255.573,23.5,4.495,2.78,5034.708,4,423.031,8.35,2.8,36.7,59.607,0.6,67.27,0.562
PAK,Asia,Pakistan,26/11/2020,389311,3113,2949.429,7897,54,48,1762.447,14.093,13.352,35.75,0.244,0.217,1.26,,,,,,,,,5343702,45999,24.191,0.208,41189,0.186,0.072,14,tests performed,64.35,220892331,255.573,23.5,4.495,2.78,5034.708,4,423.031,8.35,2.8,36.7,59.607,0.6,67.27,0.562
PAK,Asia,Pakistan,27/11/2020,392356,3045,2978.286,7942,45,48.429,1776.232,13.785,13.483,35.954,0.204,0.219,1.26,,,,,,,,,5386916,43214,24.387,0.196,41232,0.187,0.072,13.8,tests performed,64.35,220892331,255.573,23.5,4.495,2.78,5034.708,4,423.031,8.35,2.8,36.7,59.607,0.6,67.27,0.562
PAK,Asia,Pakistan,28/11/2020,395185,2829,3001.714,7985,43,46.143,1789.039,12.807,13.589,36.149,0.195,0.209,,,,,,,,,,5435139,48223,24.605,0.218,41962,0.19,0.072,14,tests performed,64.35,220892331,255.573,23.5,4.495,2.78,5034.708,4,423.031,8.35,2.8,36.7,59.607,0.6,67.27,0.562
PAK,Asia,Pakistan,29/11/2020,398024,2839,3013.571,8025,40,47,1801.891,12.852,13.643,36.33,0.181,0.213,,,,,,,,,,5475508,40369,24.788,0.183,42212,0.191,0.071,14,tests performed,64.35,220892331,255.573,23.5,4.495,2.78,5034.708,4,423.031,8.35,2.8,36.7,59.607,0.6,67.27,0.562
PAK,Asia,Pakistan,30/11/2020,400482,2458,2942.714,8091,66,49.571,1813.019,11.128,13.322,36.629,0.299,0.224,,,,,,,,,,5508810,33302,24.939,0.151,41694,0.189,0.071,14.2,tests performed,64.35,220892331,255.573,23.5,4.495,2.78,5034.708,4,423.031,8.35,2.8,36.7,59.607,0.6,67.27,0.562
PAK,Asia,Pakistan,01/12/2020,403311,2829,2917,8166,75,51.857,1825.826,12.807,13.206,36.968,0.34,0.235,,,,,,,,,,5549779,40969,25.124,0.185,41951,0.19,0.07,14.4,tests performed,64.35,220892331,255.573,23.5,4.495,2.78,5034.708,4,423.031,8.35,2.8,36.7,59.607,0.6,67.27,0.562
PAK,Asia,Pakistan,02/12/2020,406810,3499,2944.571,8205,39,51.714,1841.666,15.84,13.33,37.145,0.177,0.234,,,,,,,,,,5584976,35197,25.284,0.159,41039,0.186,0.072,13.9,tests performed,64.35,220892331,255.573,23.5,4.495,2.78,5034.708,4,423.031,8.35,2.8,36.7,59.607,0.6,67.27,0.562
PAK,Asia,Pakistan,03/12/2020,410072,3262,2965.857,8260,55,51.857,1856.434,14.767,13.427,37.394,0.249,0.235,,,,,,,,,,5627539,42563,25.476,0.193,40548,0.184,0.073,13.7,tests performed,64.35,220892331,255.573,23.5,4.495,2.78,5034.708,4,423.031,8.35,2.8,36.7,59.607,0.6,67.27,0.562
PAK,Asia,Pakistan,04/12/2020,413191,3119,2976.429,8303,43,51.571,1870.554,14.12,13.475,37.588,0.195,0.233,,,,,,,,,,5672166,44627,25.678,0.202,40750,0.184,0.073,13.7,tests performed,64.35,220892331,255.573,23.5,4.495,2.78,5034.708,4,423.031,8.35,2.8,36.7,59.607,0.6,67.27,0.562
PAK,Asia,Pakistan,05/12/2020,416499,3308,3044.857,8361,58,53.714,1885.529,14.976,13.784,37.851,0.263,0.243,,,,,,,,,,5713341,41175,25.865,0.186,39743,0.18,0.077,13.1,tests performed,64.35,220892331,255.573,23.5,4.495,2.78,5034.708,4,423.031,8.35,2.8,36.7,59.607,0.6,67.27,0.562
PAK,Asia,Pakistan,06/12/2020,420294,3795,3181.429,8398,37,53.286,1902.71,17.18,14.403,38.019,0.168,0.241,,,,,,,,,,5754986,41645,26.053,0.189,39925,0.181,0.08,12.5,tests performed,64.35,220892331,255.573,23.5,4.495,2.78,5034.708,4,423.031,8.35,2.8,36.7,59.607,0.6,67.27,0.562
PAK,Asia,Pakistan,07/12/2020,423179,2885,3242.429,8487,89,56.571,1915.77,13.061,14.679,38.421,0.403,0.256,,,,,,,,,,5794242,39256,26.231,0.178,40776,0.185,,,tests performed,,220892331,255.573,23.5,4.495,2.78,5034.708,4,423.031,8.35,2.8,36.7,59.607,0.6,67.27,0.562
